nombre,id,timestamp,body,blackout
Santiago Abascal,1927846794114859511,2025-05-28 23:57:48,Llevo tiempo diciendo que lo peor de S√°nchez estaba por llegar.  Pues ya est√° aqu√≠ la evidencia de lo que sospech√°bamos y denunciamos con dos mociones de censura:  Este tipo no dirige un gobierno‚Äö sino una red criminal.     Si esto no es suficiente para que el PP rompa todos sus,0
Santiago Abascal,1927825174524543304,2025-05-28 22:31:53,Ser√° un placer acompa√±arte.,0
Santiago Abascal,1927718717070217584,2025-05-28 15:28:52,Esta es la realidad: el Partido Popular (espa√±ol o europeo) sosteniendo y apoyando al gobernante m√°s corrupto y perjudicial de Europa.,0
Santiago Abascal,1927656927925879174,2025-05-28 11:23:20,Periodismo lacayo que hace cualquier cosa para desviar la atenci√≥n sobre los esc√°ndalos de la mafia.,0
Santiago Abascal,1927430822652752036,2025-05-27 20:24:52,El aut√≥crata pretende que su r√©gimen sea perpetuo. https://t.co/91k2CMFeOF,0
Santiago Abascal,1927402349695271368,2025-05-27 18:31:44,¬°Eskerrik asko‚Äö Viktor!,0
Santiago Abascal,1927331972222763259,2025-05-27 13:52:04,Andaluc√≠a est√° sufriendo una invasi√≥n islamista‚Äö un latrocinio socialista‚Äö una destrucci√≥n woke de su campo‚Äö y un gobierno socialdem√≥crata del PP.   Pero tiene una esperanza: Manolo Gavira  @GaviraVox https://t.co/0Hstuxydak,0
Santiago Abascal,1927079362676847033,2025-05-26 21:08:18,Tambi√©n nos ve√≠a mejor muertos la sicaria de S√°nchez.,0
Santiago Abascal,1927021926125375873,2025-05-26 17:20:04,Gobierna una mafia.,0
Santiago Abascal,1925580941210038672,2025-05-22 17:54:06,üìå Las presas sin construir.  üìå Los cauces sin limpiar.  üìå El ej√©rcito sin aparecer.   üìå Llegaron antes los bomberos franceses que los espa√±oles.  üìå La Guardia Civil mandada a detener a vecinos por protestar contra S√°nchez.   üìåLa ayuda internacional rechazada.  üìåLos voluntarios,0
Santiago Abascal,1925562697602445760,2025-05-22 16:41:36,Qu√© firmeza en los asuntos t√°cticos y discutibles. Qu√© indefinici√≥n y cu√°ntas vaguedades para los asuntos capitales y de principios.,0
Santiago Abascal,1925273388911591606,2025-05-21 21:32:00,"Est√°n acelerando la islamizacion de Espa√±a. Hay que detenerlos. Y denunciar a los don opas"" que la est√°n permitiendo.    Nos va en ello la identidad‚Äö la libertad‚Äö la seguridad y la prosperidad""",0
Santiago Abascal,1925166391998521698,2025-05-21 14:26:50,Unos minutos en @telecincoes para dejar clara nuestra postura sobre cuestiones de actualidad; exigir claridad al PP y responder a alguna que otra manipulaci√≥n ‚¨áÔ∏è‚¨áÔ∏è https://t.co/rjCmlETnSR,0
Santiago Abascal,1924745162024264005,2025-05-20 10:33:01,Magn√≠fico encuentro ayer con el presidente de la C√°mara de los Diputados de Paraguay y buen amigo‚Äö Ra√∫l Latorre. Hemos hablado de los enormes desaf√≠os que afrontamos las fuerzas patriotas frente a las amenazas globalistas y de c√≥mo Paraguay‚Äö con el Partido Colorado y el https://t.co/Nki67iszAK,0
Santiago Abascal,1924485116518154388,2025-05-19 17:19:41,El n√∫mero 1 de la corrupci√≥n‚Äö hombre de saunas‚Äö plagios‚Äö mentiras y mordidas a las libertades‚Äö  no duda en utilizar sus modos golpistas para hacer del parlamento su cortijo.    Creo que no quiere que se sepa que √©l‚Äö  S√°nchez‚Äö  est√° batiendo los r√©cord de corrupci√≥n y criminalidad,0
Santiago Abascal,1924431849054486849,2025-05-19 13:48:01,Hay que ser miserable para abrazar al pueblo ucraniano cuando gracias a su pol√≠tica energ√©tica S√°nchez est√° pagando los misiles que caen sobre Kiev.    Hay que ser cruel para abrazar al pueblo palestino cuando S√°nchez premi√≥ a Hamas que es quien ha tra√≠do la destrucci√≥n y el horror,0
Santiago Abascal,1924403201597468730,2025-05-19 11:54:11,Afortunadamente Europa tiene l√≠deres que no van a seguir el disparate pro-chino y pro-guerra comercial que empujan S√°nchez y sus peligrosos aliados.     Ahora solo falta que el PP de √örsula y de Feij√≥o entienda que ese es el camino y abandonen de una vez su pacto con el socialismo.,0
Santiago Abascal,1924206615365923195,2025-05-18 22:53:01,Las fuerzas patriotas y conservadoras crecen en todas las naciones de Europa a pesar de cordones sanitarios y de la hegemon√≠a medi√°tica de los partidos globalistas. Enhorabuena a todos ellos y‚Äö especialmente‚Äö a mi querido amigo @AndreCVentura ‚Äö quien ha dado todo‚Äö literalmente‚Äö y,0
Santiago Abascal,1923310173126275125,2025-05-16 11:30:53,La √∫nica competencia que hace el PP al PSOE‚Äö es por ver quien tiene m√°s capacidad de acuerdo con el separatismo. Incluso aunque sea con Bildu.,0
Santiago Abascal,1923111261442637944,2025-05-15 22:20:29,Le apoya Bildu y le aplaude Hamas. Es l√≥gico que utilice el vocabulario de los terroristas.    Y a√∫n lo peor de S√°nchez est√° por llegar.,0
Santiago Abascal,1922604806385893775,2025-05-14 12:48:00,Preguntas claras‚Äö respuestas evasivas. Ag√∫n d√≠a el Se√±or de la guerra‚Äö de la corrupci√≥n y de las calamidades tendr√° que contestar en un juzgado sobre todo lo que evita explicar en sede parlamentaria. https://t.co/GPrXAPwQ63,0
Santiago Abascal,1922417440077623600,2025-05-14 00:23:29,Todo mi apoyo y √°nimo para mi querido y admirado Andr√© Ventura‚Äö la gran esperanza de Portugal.  ¬°Fuerza‚Äö Andr√©!  @AndreCVentura,0
Santiago Abascal,1922392818951020691,2025-05-13 22:45:39,A ver‚Äö calamidad ... https://t.co/OhRdLVDt0C,0
Santiago Abascal,1921672524074467407,2025-05-11 23:03:27,"Casi hace gracia ver al lehendakari"" del PNV defendiendo a S√°nchez‚Äö contentos con el apag√≥n‚Äö  y soltando uno detr√°s de otro todos los bulos globalistas. El racismo de Arana y de la ETA ya solo aspira a defender la rep√∫blica isl√°mica de ""Euskadi"". https://t.co/kX8IbkjKnO""",1
Santiago Abascal,1921670108545515622,2025-05-11 22:53:51,Los violentos‚Äö los totalitarios‚Äö la pandilla de la porra del separatismo y de S√°nchez ya saben que hay una generaci√≥n que no les tiene miedo.,0
Santiago Abascal,1920813486021456222,2025-05-09 14:09:56,De la energ√≠a a la industria. Est√°n destruyendo la riqueza de Espa√±a (y de Europa) por fan√°ticas imposiciones ideol√≥gicas.,0
Santiago Abascal,1920545891087163519,2025-05-08 20:26:37,Desde VOX deseamos a Le√≥n XIV un gran pontificado para provecho de toda la Iglesia.,0
Santiago Abascal,1919652843297911070,2025-05-06 09:17:57,LO PEOR DE S√ÅNCHEZ EST√Å POR LLEGAR.,0
Santiago Abascal,1919526266199257304,2025-05-06 00:54:59,Y nos dejar√°n sin aceite‚Ä¶ y sin luz.     Eso s√≠‚Äö algunos se est√°n forrando‚Äö no lo dud√©is.     Ni teng√°is duda tampoco  de que a todos les pediremos responsabilidades.,1
Santiago Abascal,1919513422347010086,2025-05-06 00:03:57,Ha soltado violadores. Y ha tra√≠do muchos m√°s de otros pa√≠ses y otras culturas. Las mujeres espa√±olas est√°n en mayor peligro cada d√≠a que S√°nchez duerme en la Moncloa,0
Santiago Abascal,1919132606152458528,2025-05-04 22:50:43,Enhorabuena @georgesimion por arrasar en la primera vuelta. El pueblo rumano est√° cada vez m√°s cerca de recuperar su libertad y soberan√≠a frente a la oleada liberticida que asola Europa de la mano de la Comisi√≥n Europea de populares y socialistas. La libertad de expresi√≥n y la https://t.co/6jpnOToDZc,0
Santiago Abascal,1918407566482395148,2025-05-02 22:49:40,No estamos obligados a soportar las consecuencias de d√©cadas de bipartidismo. No nos resignamos a la pobreza energ√©tica‚Äö a la pobreza social‚Äö a la inseguridad y a la falta de esperanza que nos han impuesto.  Hay otro modelo. Hay futuro y hay alternativa... hay Solidaridad‚Äö y hay https://t.co/1ETj6f6Kkp,1
Santiago Abascal,1918379956968608022,2025-05-02 20:59:58,Pretenden ilegalizar al que ya es primer partido de Alemania.   Hace muchas d√©cadas que la democracia en Europa no estaba tan amenazada.     Si denunciar la inmigraci√≥n masiva‚Äö la dictadura woke o el expolio fiscal es causa de ilegalizaci√≥n ‚Ä¶. van a tener que ilegalizar a la gran,0
Santiago Abascal,1918074902533251188,2025-05-02 00:47:47,Descanse en Paz,0
Santiago Abascal,1918032562188108010,2025-05-01 21:59:32,#PrimeroDeMayo  Todos a una contra S√°nchez https://t.co/BTSHM5siDp,0
Santiago Abascal,1917679186384216066,2025-04-30 22:35:21,Nos vemos este 1 de mayo junto a Solidaridad.    Cada a√±o los ataques a los trabajadores espa√±oles es mayor y por eso es m√°s necesario salir a la calle.    üìçPlaza de la Constituci√≥n de Fuenlabrada.    ‚è∞ 12:00 horas.    ¬°No faltes! ¬°Hay que recuperarlo todo! https://t.co/CvTf8YXPem,0
Santiago Abascal,1917555435680284799,2025-04-30 14:23:36,"La responsabilidad directa es del se√±or"" Pedro S√°nchez. √âl ha ordenado una transici√≥n energ√©tica por fanatismos ideol√≥gicos.  Y quien sabe si por beneficios futuros por ser  el n√∫mero 1.    Le avisaron (le avisamos) que tendr√≠a consecuencias.  Y respondi√≥ que eran bulos.     Y ahora""",1
Santiago Abascal,1917473464853610641,2025-04-30 08:57:53,El principal responsable es el corrupto S√°nchez.  El que nos dec√≠a que √©ramos unos alarmistas‚Äö y que no habr√≠a apagones.     Y el Consejo de ese ‚Äúoperador privado ‚Äú est√° presidido por una socialista que el d√≠a del apag√≥n se dedicaba a poner tuits contra Trump. Y entre sus,1
Santiago Abascal,1917474777368842260,2025-04-30 09:03:06,Y no se puede culpar a sus t√©cnicos. Ellos reciben consignas pol√≠ticas que condicionan sus decisiones y que ignoran sus advertencias.  El origen del fallo generalizado de instituciones  e infraestructuras est√° en un nombre: Pedro S√°nchez.  https://t.co/nWqlEdXZju,1
Santiago Abascal,1917186654105711011,2025-04-29 13:58:12,Deja de mentir‚Äö sinverg√ºenza.     T√∫ has provocado el apag√≥n por tus pol√≠ticas energ√©ticas nefastas.    T√∫ dijiste que no pod√≠a pasar. Que eran bulos.     T√∫‚Äö S√°nchez‚Äö  ahora que ha pasado‚Äö tienes que irte y ponerte a disposici√≥n judicial.,1
Santiago Abascal,1917185740372406456,2025-04-29 13:54:34,¬°Tirano Pinocho‚Äö ya hemos aprendido que la verdad es siempre lo contrario de lo que t√∫ afirmas!,1
Santiago Abascal,1917153958428397996,2025-04-29 11:48:17,Estamos ante un gobierno COLAPSADO que ha dejado de funcionar porque S√°nchez lo ha prostituido y lo ha puesto a trabajar solo para defender al Gobierno.   #APAG√ìN https://t.co/GCbJlNfyFV,1
Santiago Abascal,1917102641093743010,2025-04-29 08:24:22,20 horas despu√©s del mayor apag√≥n de la historia de Espa√±a el gobierno sigue sin decirnos por qu√© ha sucedido.  Igual que con el COVID‚Äö igual que con la DANA‚Äö est√°n reteniendo informaci√≥n. Porque son responsables directos.   Lo que nos cuenten a partir de ahora‚Äö simplemente ser√°,1
Santiago Abascal,1916974819788165475,2025-04-28 23:56:27,No ha dicho una verdad en su vida.  Y‚Äö que no lo duden los espa√±oles: disfruta con cada desastre que causa.  Porque del caos que genera saca provecho‚Äö como los saqueadores.,1
Santiago Abascal,1916955814109089934,2025-04-28 22:40:56,9 de abril.,0
Santiago Abascal,1916879479877619868,2025-04-28 17:37:36,Y a pesar de esto...    ...lo peor de S√°nchez est√° por llegar.,1
