nombre,id,timestamp,lider,body,blackout
PSOE,1927789313904738769,2025-05-28 20:09:23,no,ğŸ—“ï¸ Â¡Buenas tardes! Compartimos la agenda de la ComisiÃ³n Ejecutiva Federal para maÃ±anaâ€š jueves 29 de mayo.    https://t.co/k3aes8weSi https://t.co/c1bGjH8Q2L,0
PSOE,1927742601232371954,2025-05-28 17:03:46,no,ğŸ”´ EN DIRECTO.     Haz tu pregunta a @enekoanduezaâ€š secretario general de @socialistavasco .â€¼ï¸    Te estÃ¡ esperando en:     â¬‡ï¸â¬‡ï¸â¬‡ï¸    https://t.co/A62ZmrBVrV,0
PSOE,1927695383012270135,2025-05-28 13:56:08,no,â€¼ï¸ No te pierdas un nuevo directo en nuestra cuenta de Instagram    Nos acompaÃ±a hoy @enekoanduezaâ€š el secretario General del @socialistavasco.    No olvides mandar las preguntas que quieras hacerle en nuestros stories.    A partir de las 17:00 h. en https://t.co/7ehc2DO3lu    No te lo https://t.co/kiJtpeNbUm,0
PSOE,1927672851718443216,2025-05-28 12:26:36,no,La vicepresidenta tercera y ministra para la TransiciÃ³n EcolÃ³gicaâ€š Sara Aagesenâ€š pide al PP que deje de difundir bulos sobre el apagÃ³n elÃ©ctrico.    TambiÃ©nâ€š ha defendido que â€œno hay sector primario si no se lucha contra el cambio climÃ¡ticoâ€.    â•Info. en nuestra web: https://t.co/KZePyvvnnd,1
PSOE,1927653311882097130,2025-05-28 11:08:58,no,Los hechos dicen que EspaÃ±a estÃ¡ en uno sus mejores momentos y el PP sigue metido en las cloacas.    Para ustedes Manos Limpiasâ€š Hazte OÃ­r y Abogados Cristianos. Para nosotros los trabajadoresâ€š pensionistas y la mayorÃ­a de este paÃ­s.    @oscarlopeztwit al PP en el @Congreso_Es https://t.co/BpKP3YAFZf,0
PSOE,1927650053620940920,2025-05-28 10:56:01,no,Clases de igualdad a este Gobierno y a este partido ninguna.    Siempre podrÃ¡n dar clases de corrupciÃ³n. Si se suman los aÃ±os de cÃ¡rcel y de condena de todos sus dirigentesâ€š suman mÃ¡s que diputados que tienen sentados aquÃ­.    @Pilar_Alegria al PP en el @Congreso_Es https://t.co/xocktG2MuT,0
PSOE,1927643230008397887,2025-05-28 10:28:54,no,Â¿A quiÃ©n responden?    No responden a los intereses espaÃ±olesâ€š responden a los intereses extranjeros.    @felixbolanosg a Vox en el @Congreso_Es https://t.co/Nw50R2rvf0,0
PSOE,1927641190435787033,2025-05-28 10:20:48,no,Se deberÃ­an dedicar a fortalecer las instituciones para que nuestra democracia sea mÃ¡s limpia.    Y no a difamar a personas honestas solo por ser progresistas.    @felixbolanosg al PP en el @Congreso_Es https://t.co/ZnRWEhuizE,0
PSOE,1927635483401629700,2025-05-28 09:58:07,no,No es responsable difundir bulos.    No es responsable identificar culpables cuando se estÃ¡ identificando las causas del apagÃ³n.    Ni decir que el Gobierno estaba haciendo experimentos. Si no fuera tan grave serÃ­a para tomÃ¡rselo a broma.    Sara Aagesen al PP en el @Congreso_Es https://t.co/ifZgM2gc51,1
PSOE,1927419636154298796,2025-05-27 19:40:25,no,ğŸ—“ï¸ Â¡Buenas tardes! Compartimos la agenda de la ComisiÃ³n Ejecutiva Federal para maÃ±anaâ€š miÃ©rcoles 28 de mayo.    https://t.co/deLvvEJxAx https://t.co/ajZP2EqtpP,0
PSOE,1927386048989986850,2025-05-27 17:26:57,no,Mafioso es el que amenaza a los periodistas.  Mafioso es el que financia a los agitadores.  Mafioso es ser el amigo de un narcotraficante.  Mafioso es el que defrauda a Hacienda para financiar un Ã¡tico.    En definitivaâ€š mafioso es el PP.    @oscarlopeztwit en el @Senadoesp https://t.co/SAyFensJqB,0
PSOE,1927376915309998348,2025-05-27 16:50:40,no,Su falta de principios es simplemente falta de proyecto.    @felixbolanosg al PP en el @Senadoesp https://t.co/1VzwvufrqF,0
PSOE,1927373764410396748,2025-05-27 16:38:08,no,Intentan divulgar bulos para trasladar una realidad paralela que no se corresponde con la del dÃ­a a dÃ­a.    No quieren hablar de empleoâ€š de crecimiento econÃ³micoâ€š de derechos socialesâ€š ni de vivienda. Quieren fango y mÃ¡s fango.    @mjmonteroc al PP en el @Senadoesp https://t.co/LlIkpkSAEd,0
PSOE,1927371224570576958,2025-05-27 16:28:03,no,En las intervencionesâ€š siempre quieren decir que este Gobierno no es legÃ­timoâ€š no aceptan el resultado de las urnasâ€š ni la democracia.    Aprovechen el â€œcÃ³nclaveâ€ para hablar de democracia y de respeto a las urnas.    @mjmonteroc al PP en el @Senadoesp https://t.co/n5zI5xqDAp,0
PSOE,1927337561418072078,2025-05-27 14:14:17,no,"La Mafia"" del PP.    By FeijÃ³o https://t.co/pOsyYt329m""",0
PSOE,1927331905218785567,2025-05-27 13:51:48,no,La portavoz del Gobierno y ministra de EducaciÃ³nâ€š FormaciÃ³n Profesional y Deportesâ€š @Pilar_Alegriaâ€š condena la â€œmasacre que se estÃ¡ produciendo en Gazaâ€ y llama a romper el bloqueo de la ayuda humanitaria.    #CMin     â•Info. en la web: https://t.co/hf50lMUH67 https://t.co/3caDdQaFYS,0
PSOE,1927066580602474984,2025-05-26 20:17:30,no,ğŸ—“ï¸ Â¡Buenas tardes! Compartimos la agenda de la ComisiÃ³n Ejecutiva Federal para maÃ±anaâ€š martes 27 de mayo.  https://t.co/eErMsSq2yy https://t.co/zW2ydge6SO,0
PSOE,1927053440649134501,2025-05-26 19:25:17,no,EL PSOE relanza la Escuela de FormaciÃ³n Jaime Vera para fortalecer el liderazgo socialista del siglo XXI.    â• Info. en nuestra web:  https://t.co/voPjT1ZdbW https://t.co/vJMxr0lHKG,0
PSOE,1927003595657928837,2025-05-26 16:07:13,no,Se acerca junioâ€š el mes del Orgullo LGTBI. Este aÃ±o tenemos mucho que celebrar y queremos compartir esta campaÃ±a tan especial. ğŸ³ï¸â€ğŸŒˆ    Celebramos el 20 aniversario del matrimonio igualitario y de la adopciÃ³n homoparental. Â¿EstÃ¡is preparadas y preparados? https://t.co/8sUsRt4QT5,0
PSOE,1926987729360867494,2025-05-26 15:04:11,no,â€œFeijÃ³o es ya un lÃ­der fallido. Ni siquiera sus votantes aprueban su gestiÃ³nâ€.    @estherpcamarero     â• Info. en la web: https://t.co/GF5UyglmA6 https://t.co/X0Lnibja40,0
PSOE,1926972324269457743,2025-05-26 14:02:58,no,"Voy a votar a Israel en eurovisiÃ³n sin escuchar la canciÃ³n.""    Â¿Por quÃ© esta falta de humanidad en el PP?  Â¿Los 15.000 niÃ±os y niÃ±as asesinados en Gaza son terroristas para el PP?  Â¿DÃ³nde estÃ¡ el chiste en estas declaraciones?    Es terrible.    @estherpcamarero https://t.co/y4ZZg2ffwA""",0
PSOE,1926971911411577289,2025-05-26 14:01:19,no,6 meses despuÃ©sâ€š MazÃ³n no ha sido capaz de recibir a las asociaciones de vÃ­ctimas de la DANA.    Ayuso aÃºn no se ha dignado a hablar con los familiares de las vÃ­ctimas de las residencias.    â†’ El 11Mâ€š el metro de Valenciaâ€š el Yak-42...    Ha quedado claro que la gestiÃ³n de crisis del https://t.co/dcFVG4RMbD,0
PSOE,1926969946015248636,2025-05-26 13:53:31,no,Hoy se ha abierto un horizonte de esperanzaâ€š justicia y reparaciÃ³n para las 7291 familias de las personas fallecidas en las residencias de la CAM durante la pandemia.    Â¿QuiÃ©n firmÃ³ el protocolo de la muerte?  Â¿De quiÃ©n fue la idea?    Queremos saber la verdad. Porque noâ€š no se iban https://t.co/2DsGGZP5eI,0
PSOE,1926967875853586823,2025-05-26 13:45:17,no,FeijÃ³o sigue en la disputa del espacio de la ultraderechaâ€š dilapidando su capital polÃ­tico en 2 aÃ±os.    â†’ Quisieron disfrazarle de polÃ­tico moderadoâ€š y ha demostrado ser el Aznar gallego.    Es un lÃ­der fallido que no le aprueban ni los suyos. Fue bonito mientras durÃ³. https://t.co/htic0n9Zvr,0
PSOE,1926965341625684262,2025-05-26 13:35:13,no,Las primarias no son del agrado ni del PP ni de FeijÃ³o.    â†’ Tanto que todavÃ­a no tienen claro ni si habrÃ¡ en su amago de congreso.      @estherpcamarero https://t.co/fX5KNRA6Kp,0
PSOE,1926947608150306870,2025-05-26 12:24:45,no,No te pierdas la rueda de prensa posterior a la reuniÃ³n de la ComisiÃ³n Ejecutiva Federal de @estherpcamareroâ€š portavoz del PSOE.    âŒšï¸ A partir de las 13:30 h.    â–¶ï¸ No te la pierdas y sÃ­guela directo a travÃ©s de https://t.co/p5UJ2LEw8e    Te esperamos â€¼ï¸ https://t.co/Sl3tSwJHyZ,0
PSOE,1926928705932136838,2025-05-26 11:09:38,no,ğŸ“Œ En Ferraz.    Hoyâ€š @sanchezcastejon ha presidido la reuniÃ³n de la ComisiÃ³n Ejecutiva Federal.    ğŸ“¸ MÃ¡s imÃ¡genes en: https://t.co/HKAWU05gFm https://t.co/ruD1olIO7y,0
PSOE,1926727906325078293,2025-05-25 21:51:44,no,ğŸ—“ï¸ Â¡Buenas noches! Os compartimos la agenda de la Ejecutiva del PSOE del lunes 26 de mayo.    https://t.co/hOGx0fcNoc https://t.co/urY2rZsruS,0
PSOE,1926708574341701713,2025-05-25 20:34:55,no,Estamos haciendo lo que mejor sabemos hacer: gobernarâ€š legislarâ€š subir salariosâ€š blindar pensionesâ€š liderar Europa y enfrentar el odio con derechos.     Si molesta tanto lo que hacemosâ€š lo estamos haciendo bien.    âœï¸ Editorial de 'El Socialista'.â¤µï¸  https://t.co/UJ1k79g6sx https://t.co/8SzB2woNWx,0
PSOE,1926692069440938045,2025-05-25 19:29:20,no,No estamos ante una oposiciÃ³n normalizadaâ€š es una cacerÃ­a que ha traspasado todas las lÃ­neas rojasâ€š incluidas las de la decencia democrÃ¡tica.     Nos odian porque redistribuimosâ€š porque limitamos sus privilegiosâ€š porque gobernamos para la mayorÃ­a y no para unos pocos.    ğŸ—ï¸ ArtÃ­culo https://t.co/ACok6N7XCb,0
PSOE,1926674914687279301,2025-05-25 18:21:10,no,"Debemos reaccionar en funciÃ³n de un pacifismo activoâ€š movilizador que reafirme los grandes valores de la soluciÃ³n pacÃ­fica de los conflictosâ€š del diÃ¡logo y de la palabra"".    ğŸ—£ï¸ JosÃ© Luis RodrÃ­guez Zapatero en Zona Roja.    ğŸ“¹ Programa completo en #PSOEPlay â€¼ï¸ https://t.co/3o8CEQvXWa""",0
PSOE,1926669749141839883,2025-05-25 18:00:38,no,Los socialistas nunca lo hemos tenido fÃ¡cil.    Como la derecha y la ultraderecha no pueden discutir de cÃ³mo va la economÃ­a en nuestro paÃ­sâ€š lo que hacen es mentirâ€š alimentar los bulos y la crispaciÃ³n entre ciudadanos y territoriosâ€š es su forma de hacer polÃ­tica.    ğŸ—£ï¸ @santoscl en https://t.co/gNIo2sEAAs,0
PSOE,1926606695066681774,2025-05-25 13:50:05,no,Catalunya y EspaÃ±a lideranâ€š con proyectos socialistasâ€š tendiendo puentesâ€š con diÃ¡logoâ€š con polÃ­ticas Ãºtiles y gobernando para todos.    Con mÃ¡s conciencia socialâ€š defendiendo derechosâ€š con mÃ¡s espacio para hablar de servicios pÃºblicos y con trabajo constante.    Trabajamos juntos https://t.co/CI1wuUCxsq,0
PSOE,1926606029703327976,2025-05-25 13:47:26,no,El presidente @sanchezcastejon lidera conversaciones internacionalesâ€š asÃ­ es nuestra agenda; mirar a los problemas y dar respuestas.    Mientrasâ€š enfrenteâ€š tenemos a un PP sin proyecto para EspaÃ±a y a un FeijÃ³o sin liderazgoâ€š bailando al son de Voxâ€š con acuerdos que solo quieren https://t.co/Gmf8CHH5v8,0
PSOE,1926604209975160962,2025-05-25 13:40:12,no,Hemos asegurado por ley que las pensiones se revaloricen todos los aÃ±os conforme al IPC para dar seguridad a los pensionistas.    Sin embargoâ€š el PP cada vez que ha tenido oportunidad de posicionarse sobre la revalorizaciÃ³n de las pensiones ha votado NO.    @SaizElma https://t.co/Oke6Iq9MgE,0
PSOE,1926602277785129032,2025-05-25 13:32:32,no,Hemos pasado la barrera de los 21M de afiliados a la Seguridad Socialâ€š cifra histÃ³rica que otros partidos soÃ±aban con alcanzar.    Cifras que son fruto del Ã©xito y del esfuerzo de toda la sociedad y de la buena polÃ­tica.    @SaizElma https://t.co/5mhwLKsrtg,0
PSOE,1926597178887164082,2025-05-25 13:12:16,no,Sin un Gobierno de EspaÃ±a comprometido con la convivencia y la diversidad en los pueblos de EspaÃ±aâ€š esta concordia que tenemos en Catalunya no hubiera sido posible.    Tenemos un Gobierno firme al que le estÃ¡n haciendo ataques indignos de una democraciaâ€š pero no van a poder con https://t.co/fNRaoXKKTB,0
PSOE,1926556922456551612,2025-05-25 10:32:18,no,ğŸŒ¹ No te pierdas la Festa de la Rosa desde Granollers (Barcelona).     â²ï¸ A partir de las 12.45h.     Con la intervenciÃ³n de:    ğŸ—£ï¸ @SaizElma   ğŸ—£ï¸ Alba Barnusell  ğŸ—£ï¸ @jonatanml    ğŸ“² SÃ­guelo a travÃ©s de #PSOEPlay.    #EspaÃ±aAdelantaPorLaIzquieda https://t.co/A8RFJFNLdq,0
PSOE,1926539533270556823,2025-05-25 09:23:12,no,"No vamos a parar hasta solucionar el problema de la vivienda y vamos a poner todos los recursos que sean necesarios para abordarlo"".    ğŸ—ï¸ Entrevista a @isabelrguez en @LaVanguardia.  https://t.co/ksQy49qnOO https://t.co/m7Ju1mVhIU""",0
PSOE,1926367944059056214,2025-05-24 22:01:22,no,40 aÃ±os de un proyecto europeo que representa nuestros valores.    Un camino de libertadâ€š unidad y principios que debemos seguir defendiendo con orgullo.     Porque defender Europa es defender lo que somos y el futuro que queremos.    ğŸŒ¹Â¡Feliz 40 aniversario @PSOEEuropa! https://t.co/7hDO1uQzHC,0
PSOE,1926359735336316996,2025-05-24 21:28:45,no,ğŸ—“ï¸ Â¡Buenas noches! Os compartimos la agenda de la Ejecutiva del PSOE del domingo 25 de mayo.    https://t.co/noQ9bRCRbU https://t.co/ybFoqY7BgO,0
PSOE,1926343363759857711,2025-05-24 20:23:42,no,La DANA ha evidenciado 2 formas de gobernar.    La pasividad de MazÃ³nâ€š mÃ¡s preocupado por la imagen que por los hechos frente al Gobierno de EspaÃ±a que ha demostrado estar al lado de la gente cuando realmente lo necesita.    ğŸ–‹ï¸ Alejandro Soler para 'El Socialista'. â¤µï¸ https://t.co/d3CzACiOjK,0
PSOE,1926319540859818203,2025-05-24 18:49:02,no,AdemÃ¡sâ€š EspaÃ±a estÃ¡ creando el 40% del crecimiento de empleo de la UE y lo estamos haciendo mejorando el consumoâ€š las inversiones y el PIB.    Mientras tanto el PP sigue diseÃ±ando un escenario catastrÃ³ficoâ€š cuando lo Ãºnico catastrÃ³fico es su falta de propuesta.    ğŸ—£ï¸ @EnmaLopez en https://t.co/WlQv0DvRkP,0
PSOE,1926319538708107750,2025-05-24 18:49:01,no,The Economist ha reconocido a EspaÃ±a en 2024 como la mejor economÃ­a del mundo.    Esto no es solo cuestiÃ³n de pasadoâ€š es tambiÃ©n cuestiÃ³n de futuro. Y es que EspaÃ±a va a tener un crecimiento en el aÃ±o 2025 del 2.5 %. https://t.co/1pzAvXnOGj,0
PSOE,1926303233259053483,2025-05-24 17:44:14,no,El @PSOEEuropa celebra su 40 aniversario en Bruselas reivindicando una Europa mÃ¡s social.    La vicepresidenta primera de la ComisiÃ³nâ€š @Teresariberaâ€š JosÃ© Luis RodrÃ­guez Zapatero y @J_MorenoSanchez han participado en una intensa jornada de debates alrededor de la entrada de EspaÃ±a https://t.co/1xqhNPSps4,0
PSOE,1926278529475367060,2025-05-24 16:06:04,no,"ğŸŒ¹ @sanchezcastejon: Nuestros valores son la esperanza a la que el mundo acabarÃ¡ volviendo"".    El presidente del Gobierno reivindica la fuerza del socialismo democrÃ¡tico frente al auge de la extrema derecha: ""Ellos levantan murosâ€š nosotros construimos puentes"".    â•Info. ğŸ‘‡ https://t.co/82moSN9h5T""",0
PSOE,1926240029447163938,2025-05-24 13:33:05,no,Puede que la extrema derecha estÃ© hoy en alzaâ€š pero estÃ¡ abocada al fracaso porque mientras ellos enfrentan nacionesâ€š los socialistas tendemos puentes. Creemos en la cooperaciÃ³nâ€š el progreso compartido y la solidaridadâ€š que son fuerzas mucho mÃ¡s poderosas.    Redoblemos nuestros https://t.co/6HcZOnVHOi,0
PSOE,1926235188691947867,2025-05-24 13:13:51,no,La tercera palabra es SOLIDARIDAD.    Los socialistas nos definimos por nuestro compromiso con la inclusiÃ³n y nuestra dedicaciÃ³n a la paz. Peroâ€š sobre todoâ€š nos une nuestra creencia en la solidaridad y en sociedades basadas en ella.    Esa solidaridad es la que nuestros partidos https://t.co/qi18rCPGeo,0
PSOE,1926228607409545298,2025-05-24 12:47:42,no,La segunda palabra que quiero subrayar es PAZ.    La esencia del internacionalismo que siempre ha definido a la familia socialista estÃ¡ arraigada a la paz.     En Ucraniaâ€š defendemos una soluciÃ³n justa y duradera a este conflicto de agresiÃ³n. En Gaza la situaciÃ³n es inaceptable. No https://t.co/FYyBDWQRal,0
PSOE,1926221872850522259,2025-05-24 12:20:56,no,El alma de esta ciudad reÃºne 3 valores esenciales: inclusiÃ³nâ€š paz y solidaridad.    La primeraâ€š INCLUSIÃ“N: frente al auge global de la extrema derechaâ€š que promueve el miedo y el silencio a quienes opinan diferenteâ€š nosotros creemos en la democracia y en la justicia social para https://t.co/Kykkl3Tegk,0
PSOE,1926202244883436014,2025-05-24 11:02:56,no,Quiero comenzar esta reuniÃ³n recordando a JosÃ© Mujicaâ€š una fuente de inspiraciÃ³n para todos los socialistas.     El mejor homenaje que podemos rendirle es trabajar incansablemente por los valores que siempre defendiÃ³.     Gracias por guiarnos siempre con tu vida ejemplar y tu https://t.co/UZPxfHUyA8,0
PSOE,1926141181982880148,2025-05-24 07:00:18,no,ğŸ“¢ No te pierdas la intervenciÃ³n de @sanchezcastejon en la apertura del Consejo de la @Soc_Intl.    ğŸ“Œ Desde Estambul.  â²ï¸ A partir de las 9.00 h.     ğŸ“² SÃ­guelo a travÃ©s de #PSOEPlay.    #EspaÃ±aAdelantaPorLaIzquieda https://t.co/ubk9SPAEkL,0
PSOE,1926009213152579716,2025-05-23 22:15:54,no,ğŸ—“ï¸ Â¡Buenas noches! Os compartimos la agenda de la Ejecutiva del PSOE del sÃ¡bado 24 de mayo.    https://t.co/GnrOjxNqzh https://t.co/wdvM0Ru12C,0
PSOE,1925985488961224852,2025-05-23 20:41:38,no,Hemos demostrado que se puede gobernar con cohesiÃ³n socialâ€š estabilidad fiscal y transformaciÃ³n econÃ³mica.     Frente a los discursos catastrofistas de FeijÃ³oâ€š los resultados son claros: EspaÃ±a avanza con rumbo y solidez.    ğŸ–‹ï¸ @EnmaLopez para 'El Socialista'. â¤µï¸ https://t.co/gYU6xvQRWr,0
PSOE,1925958690558943603,2025-05-23 18:55:09,no,ğŸ“¸ Foto de familia de la @Soc_Intl previa a la reuniÃ³n del Presidium que se estÃ¡ celebrando en Estambul. https://t.co/Ptqrjgt1nm,0
PSOE,1925931176239255688,2025-05-23 17:05:49,no,El PSOE y @socialistes_cat reafirman su compromiso conjunto con una sanidad pÃºblica de calidad y equitativa.    Un encuentro que ha servido para compartir experiencias y avanzar en coordinaciÃ³n y salud mental.    â• Info. ğŸ‘‡  https://t.co/iaX1VnZ7G3 https://t.co/cu71SsCxBQ,0
PSOE,1925914546482397362,2025-05-23 15:59:44,no,ğŸ“¢ Ya estÃ¡ aquÃ­ 'El Socialista'. ğŸ“°    ğŸ”´ Bruselas eleva al 2â€š6% el crecimiento de la economÃ­a espaÃ±ola. â€¼ï¸    ğŸ‘‰ Las polÃ­ticas de izquierdas mejoran el tejido productivoâ€š la vida de las y los trabajadores y la economÃ­a del paÃ­s.    ğŸ— NÃºmero completo. â¤µï¸  https://t.co/pQJOXprmmi https://t.co/8D4DyxhKRR,0
PSOE,1925880842917691420,2025-05-23 13:45:48,no,Es muy grave lo que hizo Ayuso en las residencias durante la pandemia.    Estamos hablando de la vida de 7.291 personas.    Familias que han perdido a seres queridos y que no ha sido capaz ni de visitarlos.    @oscarlopeztwit en @MananerosTVE https://t.co/7Pp2J6KP27,0
PSOE,1925874432062456241,2025-05-23 13:20:20,no,El responsable de haber filtrado la informaciÃ³n de la pareja de Ayuso tiene nombre y apellidos.    Miguel Ãngel RodrÃ­guez.    Cometen el delito y luego intentan engaÃ±arnos.    No somos tontosâ€š no lo van a conseguir.    @oscarlopeztwit  en @MananerosTVE https://t.co/ed8Q7LSnNO,0
PSOE,1925841377784426818,2025-05-23 11:08:59,no,Tras mucho tiempo de lucha de las 7.921 familias de las vÃ­ctimas de las residenciasâ€š la justicia abre una oportunidad para investigar lo que fueron los â€œprotocolos de la vergÃ¼enzaâ€.    La Comunidad de Madrid y Ayuso tendrÃ¡n que dar explicaciones.    @oscarlopeztwit https://t.co/dx6uKplNCu,0
PSOE,1925835584364257748,2025-05-23 10:45:58,no,Zona Roja llega a su dÃ©cimo programa. Para celebrarloâ€š un resumen de todas las entrevistas.    â• Info. ampliada en nuestra web. â¤µï¸    https://t.co/p6BeIGz3nB,0
PSOE,1925615830521253971,2025-05-22 20:12:44,no,ğŸ—“ï¸ Â¡Buenas tardes! Compartimos la agenda de la ComisiÃ³n Ejecutiva Federal para maÃ±anaâ€š viernes 23 de mayo.    https://t.co/LtVdcIDmIF https://t.co/qcw2AAVVym,0
PSOE,1925243586355880384,2025-05-21 19:33:34,no,Toda nuestra solidaridad con periodistas y comunicadores acosados a diario por los ultras.     @SarahPerezSanta y @AntonioMaestre son los Ãºltimos ejemplosâ€š y hay muchos mÃ¡s.     PP y VOXâ€š con su voto en contra de la reforma del reglamento del Congresoâ€š amparan a estos agitadores de,0
PSOE,1925226942841729375,2025-05-21 18:27:26,no,ğŸ—“ï¸ Â¡Buenas tardes! Compartimos la agenda de la ComisiÃ³n Ejecutiva Federal para maÃ±anaâ€š jueves 22 de mayo.    https://t.co/4fkEwgCgEA https://t.co/lWommCirAi,0
PSOE,1925208461945565346,2025-05-21 17:14:00,no,SeÃ±ores del PPâ€š ya sabemos que van a mentir en el Congresoâ€š pero pÃ³nganse de acuerdo... https://t.co/JCR90c1s9y,0
PSOE,1925164870439211351,2025-05-21 14:20:47,no,Su nota de valoraciÃ³n entre votantes del PP es la mÃ¡s baja entre todos los lÃ­deres nacionales en sus respectivos electorados.    Nadie es tan poco querido en su propia casa. https://t.co/v8O2kdA1Qf,0
PSOE,1925164875472339108,2025-05-21 14:20:48,no,Mientras FeijÃ³o se desinflaâ€š @sanchezcastejon se consolida.    Â¿CÃ³mo va a gobernar quien no logra convencer ni a su propio partido? https://t.co/DGJ2ETaNHt,0
PSOE,1925153142523482298,2025-05-21 13:34:11,no,â€œPara lo que ha quedadoâ€š seÃ±or FeijÃ³o: salir de Galicia para acabar gobernado desde un Ã¡tico en ChamberÃ­â€.    @sanchezcastejon en la #SesiÃ³nDeControl del @Congreso_Es     â• Info. en nuestra web: https://t.co/yydtwTEaaC https://t.co/2InA8tuxW0,0
PSOE,1925119546278441196,2025-05-21 11:20:41,no,Â¿Van a llevar al CÃ³nclave una ponencia que se llame â€œRespeto a la democraciaâ€?    Porque es lo que tienen que hacerâ€š respetar un gobierno salido de las urnas.    @mjmonteroc al PP en el @Congreso_Es https://t.co/TqOruP2KOS,0
PSOE,1925119117717061910,2025-05-21 11:18:59,no,El mercado de la vivienda ha necesitado la intervenciÃ³n pÃºblica:    â†’ Hemos aprobado una Ley de Vivienda.  â†’ Hemos multiplicado por 8 el presupuesto de vivienda.  â†’ Impulsamos la construcciÃ³n de rehabilitaciÃ³n de vivienda y de vivienda pÃºblica.  â†’ Hemos desplegado polÃ­ticas https://t.co/UcSkCoEwNF,0
PSOE,1925104654569865284,2025-05-21 10:21:31,no,Les ruego que moderen sus intervenciones.    Porque esa cascada de fangoâ€š que cada dÃ­a emitenâ€š no es mÃ¡s que tapar la situaciÃ³n econÃ³mica y social muy positiva que vive EspaÃ±a hoy.    @felixbolanosg al PP en el @Congreso_Es https://t.co/eoWKFvAWyO,0
PSOE,1925099462457758160,2025-05-21 10:00:53,no,EstÃ¡n ustedes en un concurso en el que parece que da puntos a ver quiÃ©n la dice mÃ¡s grande que el compaÃ±ero que hablÃ³ anteriormente.    ConcÃ©ntrense en hacer algo Ãºtil para la gente de este paÃ­s.    @mjmonteroc al PP en el @Congreso_Es https://t.co/fezZo5Et3g,0
PSOE,1925090849748029952,2025-05-21 09:26:39,no,El mundo entero se estÃ¡ movilizando contra la barbarie de Netanyahu en Gaza.    Y usted hace chistes sobre Franco. Menuda talla polÃ­tica. Menuda falta de humanidad.    @sanchezcastejon a FeijÃ³o en la #SesiÃ³nDeControl en el @Congreso_Es https://t.co/qeyz9kRjsv,0
PSOE,1925088900625699086,2025-05-21 09:18:54,no,Aprobamos un RDL para defender al sector de la agriculturaâ€š al sector de la industriaâ€š al sector pesqueroâ€¦frente a los aranceles de Trump.    9 grupos parlamentarios votaron a favorâ€š 1 se abstuvo y 2 votaron en contraâ€š Vox y ustedes. Siempre en contra de EspaÃ±a.    @sanchezcastejon https://t.co/EHaK8fsRuH,0
PSOE,1924907769632567309,2025-05-20 21:19:09,no,ğŸ—“ï¸Â Â¡Buenas tardes! Compartimos la agenda de la ComisiÃ³n Ejecutiva Federal para maÃ±anaâ€š miÃ©rcoles 21 de mayo.    https://t.co/cW9rzImrDQ https://t.co/EVQFeNcJRS,0
PSOE,1924875626948816905,2025-05-20 19:11:26,no,No tienen fin.  No tienen lÃ­mites.  No tienen vergÃ¼enza.    Un senador del PP entrega una bolsa con contenido tÃ³xico a una vicepresidenta tercera del Gobierno.    El PSOE ya lo ha denunciado en comisarÃ­a.    Â¿Hasta dÃ³nde piensan llegar?    FotografÃ­a de @EFEnoticias. https://t.co/aQwwiCO9hb,0
PSOE,1924853694002090042,2025-05-20 17:44:17,no,El seÃ±or Miranda es senador por Cuencaâ€š una provincia que nunca ha visitado.    @Pilar_Alegria en el @Senadoesp https://t.co/cGqRO99WWt,0
PSOE,1924851625316745235,2025-05-20 17:36:04,no,El PP deberÃ­a hacer una oposiciÃ³n de verdad.    Mientras ellos se dedican a nadar entre el lodazalâ€š EspaÃ±a sigue creciendo y batiendo rÃ©cords.    Les molesta que a los espaÃ±oles y espaÃ±olas les vaya bien.    @Pilar_Alegria en el @Senadoesp https://t.co/DhZIoFhvHs,0
PSOE,1924849735959027929,2025-05-20 17:28:33,no,Nos parece curioso que digan que extraer uranio no tiene ningÃºn impacto.    El Consejo de Seguridad Nuclear dice en su informe negativoâ€š la escasa fiabilidad y las elevadas incertidumbres de los anÃ¡lisis de seguridad de la instalaciÃ³n radioactiva.    Sara Aagesen en el @Senadoesp https://t.co/9ijQUyK2a9,0
PSOE,1924842817039290394,2025-05-20 17:01:04,no,Hablar de renovables es hablar de oportunidadesâ€š tambiÃ©n para la EspaÃ±a rural.    Seguiremos apostando por este modelo en un mundo rural que se fortalece con diÃ¡logoâ€š con regulaciÃ³n garantista con el medioambiente y con oportunidades para el medio rural.    Sara Aagesen en el https://t.co/DYnqBKSx5N,0
PSOE,1924816084646981934,2025-05-20 15:14:50,no,El Gobierno amplÃ­a el Plan Corresponsables para reducir la brecha de gÃ©nero en los cuidados.    Luz verde a una nueva convocatoria de las Becas SERÃ‰.    â• Info. ampliada sobre el #CMin y la rueda de prensa posterior en nuestra web. â¤µï¸    https://t.co/c8KLujfLh5,0
PSOE,1924523758783455237,2025-05-19 19:53:14,no,ğŸ—“ï¸ Â¡Buenas tardes! Compartimos la agenda de la ComisiÃ³n Ejecutiva Federal para maÃ±anaâ€š martes 20 de mayo.    https://t.co/WD2tySvHgi https://t.co/067SaABQe4,0
PSOE,1924488292675748180,2025-05-19 17:32:18,no,Un hundimiento estelar. https://t.co/usE9ldY9eI,0
PSOE,1924474609123942765,2025-05-19 16:37:56,no,ğŸ“ˆ FMI y Bruselas mejoran previsiones para EspaÃ±a: 2â€š6% en 2025.    No es casualidad. Son las polÃ­ticas de Pedro SÃ¡nchez.    âŒ Aunque el PP siempre vote en contra. https://t.co/O0AnSUgp4S,0
PSOE,1924186112848703979,2025-05-18 21:31:33,no,ğŸ—“ï¸ Â¡Buenas noches! Os compartimos la agenda de la Ejecutiva del PSOE del lunes 19 de mayo.    https://t.co/bIVmBzAGOR https://t.co/9fXLemZEke,0
PSOE,1924167154473046446,2025-05-18 20:16:13,no,"ğŸ”´ No te puedes perder el editorial de El Socialista"" de esta semana â€¼ï¸    ğŸ“¢ Nuevos WhatsApps de Pedro SÃ¡nchezâ€š os aseguramos que no va a dejar a nadie indiferente.    ğŸ’» No esperes mÃ¡s y pincha aquÃ­. ğŸ‘‡  https://t.co/0i1872bcGn https://t.co/8s5qRcLwkC""",0
PSOE,1924150366750560708,2025-05-18 19:09:31,no,"El PP del no a todo"" sigue dando la espalda a EspaÃ±aâ€š una vez mÃ¡s.    Mientras la ciudadanÃ­a necesitaba un partido de Estado a la alturaâ€š el PP volvÃ­a a votar ""NOâ€ en favor de los intereses de EspaÃ±aâ€š porque ya sabemos que ese es su juego.    ğŸ—ï¸ ArtÃ­culo completo. ğŸ‘‡ https://t.co/NCi2RkiYtG""",0
PSOE,1924133156451447116,2025-05-18 18:01:07,no,ğŸ—£ï¸ @EnmaLopez desmonta en Zona Roja los 5 bulos mÃ¡s frecuentes sobre la declaraciÃ³n de la renta.    Â¡Todo lo que tienes que saber para no caer en ellos â€¼ï¸    ğŸ“¹ Ver el programa completo Zona Roja en #PSOEPlay â€¼ï¸ https://t.co/VIlhkwyfRr https://t.co/sOXngM7EqI,0
PSOE,1924112133807022521,2025-05-18 16:37:35,no,"ğŸ—£ï¸ @EnmaLopez: Mientras la estrategia polÃ­tica de algunos se basa en el acosoâ€š el insulto y la mentiraâ€š el Gobierno y el PSOE construimos la mejor EspaÃ±a""    Espera que el congreso le sirva al PP para salir de ese paÃ­s imaginario de ciencia ficciÃ³n y decidir quÃ© es lo que quieren https://t.co/UFdlBsqRik""",0
PSOE,1924033653585183185,2025-05-18 11:25:44,no,Hacemos varias peticiones al PP: que decidan quÃ© hacer con los ultras y que condenen los ataques que recibimos los socialistas a nivel personal pero tambiÃ©n los periodistas.    Es totalmente intolerable en una democracia y como principal partido de la oposiciÃ³nâ€š deben estar a la https://t.co/PhHzwMkuDq,0
PSOE,1924032280768491712,2025-05-18 11:20:17,no,El PP estÃ¡ totalmente desnortadoâ€š dicen que van a convocar un congreso para renovar proyecto y equipo para unas elecciones anticipadas que no habrÃ¡.    CreÃ­amos que el proyecto polÃ­tico del Sr. FeijÃ³o consistÃ­a en 3 cosas: decir no a todoâ€š echar la culpa de todo a @sanchezcastejon https://t.co/N623H6pTW9,0
PSOE,1924031236353167398,2025-05-18 11:16:08,no,Ayer tuvimos un ejemplo mÃ¡s del profundo liderazgo internacional que tiene nuestro presidente @sanchezcastejonâ€š fue el Ãºnico lÃ­der europeo invitado por la Liga Ãrabe en un tema tan importante como Palestina.    El gobierno socialista no se queda cruzado de brazosâ€š otros tendrÃ¡n que https://t.co/Rp2lbwTzrs,0
PSOE,1924004391830352180,2025-05-18 09:29:27,no,ğŸ“¢ No te pierdas la atenciÃ³n a medios de @EnmaLopez.    ğŸ“Œ Desde Las Palmas de Gran Canaria.  â²ï¸ A partir de las 11.00h. (Hora peninsular)    ğŸ“² SÃ­guelo a travÃ©s de #PSOEPlay.    #EspaÃ±aAdelantaPorLaIzquieda https://t.co/Msl3QYw32v,0
PSOE,1923863558518894804,2025-05-18 00:09:50,no,No vale NO haber sido capaz de gestionar lo que era de tu responsabilidad y decir que la culpa es de otros.    MazÃ³n sigue respaldado por la direcciÃ³n de su partido y me preocupa mucho porque estamos hablando de un partido que aspira a gobernar EspaÃ±a.    ğŸ“º @espinar_mar en https://t.co/IbMYqtqDvq,0
PSOE,1923855799954149521,2025-05-17 23:39:00,no,Tenemos un PP que o bien no se ha enterado de como funciona EspaÃ±a o bien estÃ¡ jugando a confundir a los espaÃ±oles.    El PP podrÃ­a hacer un esfuerzo y hacer alguna vez polÃ­tica en mayÃºscula.    ğŸ“º @espinar_mar en @laSextaXplica. https://t.co/iaCB7twk1W,0
PSOE,1923838906601975949,2025-05-17 22:31:53,no,"ğŸ—£ï¸ @espinar_mar en relaciÃ³n a Santos CerdÃ¡n: Estamos traspasando lÃ­neas que no va a haber vuelta atrÃ¡s y es muy peligroso"".    ğŸ“º @laSextaXplica. https://t.co/CQB7eNGrhc""",0
PSOE,1923832931337814159,2025-05-17 22:08:08,no,El PSOE hace polÃ­tica para mejorar la vida de los espaÃ±oles y estos mensajes solo buscan hacer daÃ±o.    Estamos en una campaÃ±a en lo que todo vale y al PP le viene fenomenal porque lleva 5 dÃ­as hablando de WhatsApp en lugar de hablar del proyecto que tiene de paÃ­sâ€š no habla de https://t.co/SfJrsWgPOk,0
PSOE,1923812725563519212,2025-05-17 20:47:51,no,Â¡Vamos con todoâ€š Melody! ğŸ’ƒ Esta noche EspaÃ±a brilla con luz propia en #Eurovision2025.    Arteâ€š energÃ­a y corazÃ³n en el escenario.    Â¡QuÃ© lujo tenerte al frente! ğŸ‡ªğŸ‡¸âœ¨,0
PSOE,1923808773165986196,2025-05-17 20:32:08,no,ğŸ“¢ No te pierdas la tertulia polÃ­tica de @laSextaXplica.    ğŸ‘‰ Con la intervenciÃ³n de @espinar_marâ€š Portavoz del PSOE en la Asamblea de Madrid.    âŒšï¸ A partir de las 21:45 en @laSextaTV.    â–¶ï¸ SÃ­guela en directo aquÃ­: https://t.co/iInT6COpoG    #EspaÃ±aAdelantaPorLaIzquieda https://t.co/xlIBbWype0,0
PSOE,1923791470982476056,2025-05-17 19:23:23,no,ğŸ—“ï¸ Â¡Buenas tardes! Os compartimos la agenda de la Ejecutiva del PSOE del domingo 18 de mayo.    https://t.co/iEUSbZBl2Y https://t.co/cRRwaaEd1h,0
PSOE,1923771746999587275,2025-05-17 18:05:01,no,La reforma laboral ha sido la principal herramienta para transformar nuestro mercado de trabajo y el PP votÃ³ NO.    Esa vergÃ¼enza les va a perseguir porque es una de las principales recetas que ha permitido cambiar el modelo de relaciones laborales.    @SaizElma    ğŸ“¹Programa completo https://t.co/uPc2LAtIHt,0
PSOE,1923771311223885968,2025-05-17 18:03:17,no,Hemos vivido tiempos en los que se generaba empleo y luego se deshacÃ­a.    Ahora creamos empleo de calidadâ€š indefinidoâ€š que permite a la gente realizar proyectos de vida ğŸ‘‰ eso es lo que se estÃ¡ produciendo en nuestro paÃ­s desde que gobierna @sanchezcastejon.    @SaizElma    ğŸ“¹ https://t.co/sqLAfHRwAq,0
PSOE,1923770861770756492,2025-05-17 18:01:30,no,Hace un aÃ±o pasamos la barrera de los 21M de trabajadores y hemos incrementado en mÃ¡s de medio millÃ³n de personas.    Ya no es algo coyuntural sino un crecimiento consolidadoâ€š corrigendo dÃ©ficits de nuestro mercado laboral que afectaban a mujeres y jÃ³venes.    @SaizElma    ğŸ“¹ Programa https://t.co/bzCFmVW34R,0
PSOE,1923720778396111007,2025-05-17 14:42:29,no,El acoso al presidente del Gobiernoâ€š @sanchezcastejonâ€š estÃ¡ protagonizado e ideado por el PPâ€š con la finalidad de destruirlo.    Pero vais a fracasar porque los ciudadanos quieren soluciones y propuestasâ€š no problemas y descalificaciones.    Tenemos @sanchezcastejon para rato y https://t.co/6IjPyQYD5L,0
PSOE,1923716752640213467,2025-05-17 14:26:29,no,Tenemos dos amenazas: una en forma de guerra arancelaria injustificada y una amenaza de seguridad y defensa de Europa.     Para combatirlo debemos reforzar el proyecto europeoâ€š buscar lo que nos une y tratar de forma civilizada las diferencias.    @salvadorilla https://t.co/a82dIGNmmI,0
PSOE,1923694975457345846,2025-05-17 12:59:57,no,La ultraderecha tiene una estrategia. Entre sus tÃ¡cticas estÃ¡ el discurso del odio al inmigranteâ€š despojÃ¡ndolo de su humanidad. Mientras el PP se sitÃºa en el colaboracionismo.     Frente a esoâ€š la defensa de la convivenciaâ€š la tolerancia y la no indiferencia.    ğŸ–‹ï¸ @eugeniasdr para https://t.co/1tgP2r1Ob6,0
PSOE,1923655838025105661,2025-05-17 10:24:26,no,MazÃ³n lo Ãºnico que tiene que hacer son dos cosas: unaâ€š marcharseâ€š y la segundaâ€š dejar de tener secuestrada a la Generalitat para salvarse Ã©l.     EstÃ¡ siendo el Gobierno de EspaÃ±a el que estÃ¡ liderando la reconstrucciÃ³n.    ğŸ—ï¸ @pilarbernabe en @LaVanguardia. ğŸ‘‡ https://t.co/ihjBY6l85K,0
PSOE,1923637559382466568,2025-05-17 09:11:48,no,Las y los socialistas nos sumamosâ€š hoy y siempreâ€š a quienes reclaman el fin de la penalizaciÃ³n de la homosexualidadâ€š la transexualidad y la bisexualidad en todo el mundo.    ğŸ“œ Lee nuestro manifiesto. â¤µï¸  https://t.co/8P0FLLsJ5G https://t.co/959yh8jCEc,0
PSOE,1923459777176195519,2025-05-16 21:25:21,no,ğŸ—“ï¸ Â¡Buenas noches! Os compartimos la agenda de la Ejecutiva del PSOE del sÃ¡bado 17 de mayo.    https://t.co/FNKlef6U0y https://t.co/tlrBLvl3J3,0
PSOE,1923438489925755308,2025-05-16 20:00:46,no,El PP saca de contexto palabras para armar la teorÃ­a de la conspiraciÃ³n con el Ãºnico objetivo de derribar al gobierno democrÃ¡tico y legÃ­timo de @sanchezcastejon.    â• Info. ğŸ‘‡  https://t.co/oiqfIyYRhY https://t.co/ryvMjeVaEP,0
PSOE,1923422236586717358,2025-05-16 18:56:11,no,Queremos mandar un mensaje de solidaridad a nuestro compaÃ±ero @santicl porque todo tiene un lÃ­miteâ€š no pueden atacar a nuestra familia.    Promueven el odio y el insultoâ€š organizando grupos de gente vinculados a la derechaâ€š previamente aleccionadosâ€š con el Ãºnico objetivo de https://t.co/LYFABTKZUY,0
PSOE,1923421738475368692,2025-05-16 18:54:12,no,En contraposiciÃ³n a ese modelo de recortes del presidente de la Juntaâ€š estÃ¡ el modelo de @sanchezcastejon con polÃ­ticas que benefician a todo el paÃ­s y a las que el PP siempre vota en contra.    Estamos a las cosas de la genteâ€š en aquellas que les afectan cada dÃ­aâ€š en aquellas que https://t.co/3FfbgnVgmc,0
PSOE,1923409206750638094,2025-05-16 18:04:24,no,No hay que resistir a esa internacional ultraâ€š sino combatirla con 2 de nuestras armas mÃ¡s poderosas: la razÃ³n y el compromiso.    Si no los paramos nosotrosâ€š no lo harÃ¡ nadie y lo conseguiremos con el liderazgo de @sanchezcastejonâ€š que es el faro de todos los progresistas y https://t.co/lBdfvVCJP1,0
PSOE,1923377919176352057,2025-05-16 16:00:05,no,ğŸ“¢ No te pierdas la intervenciÃ³n de @mjmonteroc en el ComitÃ© Director del @psoeandalucia.     ğŸ“Œ Desde Sevilla  â²ï¸ A partir de las 17.00h.    ğŸ“² SÃ­guelo a travÃ©s de #PSOEPlay.    #EspaÃ±aAdelantaPorLaIzquieda https://t.co/xB7wDkSAD9,0
PSOE,1923367418115592277,2025-05-16 15:18:21,no,"ğŸ“¢ Nueva entrega de 'El Socialista'. ğŸ“°    ğŸ¤ Los contratos de Los FeijÃ³o"".     ğŸ”´ El Sr. FeijÃ³o debe dar explicaciones por haber regado con dinero pÃºblico a su familia mientras era presidente en Galicia.      ğŸ— NÃºmero completo aquÃ­. ğŸ‘‡  https://t.co/8fkyPJItHa https://t.co/qwGXJLnLBA""",0
PSOE,1923361325104632126,2025-05-16 14:54:08,no,Todos los y las socialistas estamos contigo y tu familiaâ€š Santos. Siempre.     No vamos a dar un paso atrÃ¡s ante los ultras y el acoso al que nos someten. No nos van a amedrentar. Abrazo fuerte compaÃ±ero.,0
PSOE,1923286405528101271,2025-05-16 09:56:26,no,ğŸ”´ Ya es viernes y ZONA ROJA lo sabe.    Recibimos la visita de @SaizElma.      Desmontamos los bulos de la declaraciÃ³n de la renta con @EnmaLopez.    Viajaremos al pasado con el merchandising de distintas campaÃ±as. ğŸŒ¹    ğŸ«µ Ãšnete a la revoluciÃ³nâ€š Ãºnete a Zona Roja. https://t.co/3KxPuEBHBx,0
PSOE,1923121588645310789,2025-05-15 23:01:31,no,"ğŸ—£ï¸ @javizqui:  EstarÃ­a bien conocer los whastapp de MaÃ±uecoâ€š cuando comprÃ³ votos para ganar las primarias del PP"".    El secreto de las comunicaciones de cualquier ciudadano es un derecho fundamental amparado por la ConstituciÃ³n y vulnerarlo es un delito.    ğŸ—ï¸ Noticia completa. ğŸ‘‡ https://t.co/MabSkk93gm""",0
PSOE,1923067150748492090,2025-05-15 19:25:12,no,ğŸ—“ï¸ Â¡Buenas tardes! Os compartimos la agenda de la Ejecutiva del PSOE del viernes 16 de mayo.    https://t.co/KtXIcxu4KF https://t.co/XoGHZWQRDv,0
PSOE,1923043776806744320,2025-05-15 17:52:19,no,El Sr. MazÃ³n ha perdido el norte si ya es capaz de decir que nosotros seÃ±alamos a las vÃ­ctimas.    AquÃ­ solo hay alguien que ha seÃ±alado a las vÃ­ctimasâ€š que ha hablado de ellas de forma directaâ€š que las ha deshumanizado y las ha atacado.    El Sr. MazÃ³n ya no tiene crÃ©dito en esta https://t.co/lacB7g6Xl9,0
PSOE,1923019855776698716,2025-05-15 16:17:16,no,"ğŸ—£ï¸ @oscarlopeztwit: ante la polÃ­tica de casquerÃ­a de FeijÃ³o: Que pierdan toda esperanza porque este gobierno va a seguir gobernando"".    ""EspaÃ±a va a seguir avanzando a pesar de todas las campaÃ±as de bulosâ€š fangosâ€š insidias de la derecha y de la ultraderecha de este paÃ­s"".    â• https://t.co/eozqDoK3VT""",0
PSOE,1922965996232491303,2025-05-15 12:43:15,no,Quiero ser muy claro con el Sr. FeijÃ³oâ€š que ha decidido hacer polÃ­tica de casquerÃ­a desde que ha llegado:    Sr. FeijÃ³oâ€š abandone toda esperanza porque este Gobierno seguirÃ¡ gobernandoâ€š porque asÃ­ lo quisieron las urnas. AdemÃ¡sâ€š EspaÃ±a crece econÃ³micamenteâ€š bate rÃ©cord de empleo y https://t.co/ldJ2dWGlNz,0
PSOE,1922965845866668436,2025-05-15 12:42:39,no,SerÃ© muy claroâ€š seguiremos gobernando y EspaÃ±a seguirÃ¡ avanzando a pesar de todas las campaÃ±as de bulos y fango de la derecha y la ultraderecha.    Quieren que el ambiente sea irrespirable y se van a cansar antes ellos que este Gobiernoâ€š que bate rÃ©cords de crecimiento y ningÃºn https://t.co/8sXw7dRUNb,0
PSOE,1922964039841275999,2025-05-15 12:35:28,no,Es un dÃ­a para reivindicar un Madrid de todosâ€š tolerante y abiertoâ€š todo lo contrario de lo que alimenta la Sra. Ayuso y el PP con insultos y odio.    Madrid necesita un gobierno serio y es en lo que trabajamos los socialistas para que haya un cambio y la Comunidad de Madrid https://t.co/cIwSYGlfGz,0
PSOE,1922927193836970454,2025-05-15 10:09:03,no,ğŸ“¢ No te pierdas la atenciÃ³n a medios de @oscarlopeztwit.    ğŸ“Œ Desde la Pradera de San Isidro (Madrid).  â²ï¸ A partir de las 12.00h.    ğŸ“² SÃ­guelo a travÃ©s de #PSOEPlay.    #EspaÃ±aAdelantaPorLaIzquieda https://t.co/uSQStOTlQk,0
PSOE,1922689901645992196,2025-05-14 18:26:09,no,ğŸ—“ï¸ Â¡Buenas tardes! Compartimos la agenda de la ComisiÃ³n Ejecutiva Federal para maÃ±anaâ€š jueves 15 de mayo.    https://t.co/SqGGM8bvZy https://t.co/P628pLf8Ns,0
PSOE,1922597965366980638,2025-05-14 12:20:49,no,No vamos a permitir ninguna lecciÃ³n del partido que ha votado en contra de todos los avances que hemos aprobado.    @Pilar_Alegria     #EspaÃ±aAvanzaPorLaIzquierda https://t.co/b8IqScGH2l,0
PSOE,1922589439668129996,2025-05-14 11:46:57,no,â€œPor muchas piezas que cambien en este Congreso del Partido Popular no van a cambiar porque la pieza averiada es ustedâ€.    @sanchezcastejon     â• Info. en nuestra web:https://t.co/eTnc0jjezh https://t.co/gwSMro01mn,0
PSOE,1922578692959588641,2025-05-14 11:04:14,no,Tenemos pocas esperanzas con ustedes de que asuman las buenas cifras que tiene EspaÃ±a y hagan una oposiciÃ³n constructiva.    Preferimos que se duerman a que hagan este tipo de intervenciones porque descansan ustedes y descansamos todos.    @felixbolanosg a Vox en el @Congreso_Es https://t.co/CtvHBC0DSk,0
PSOE,1922576702162530586,2025-05-14 10:56:20,no,Hemos visto a su grupo aplaudirle con mucha pasiÃ³n.    CuÃ­dese en el 'cÃ³nclave'â€š que les conocemos y nos conocemos.    @felixbolanosg a FeijÃ³o en el @Congreso_Es https://t.co/AKlv9n5YBw,0
PSOE,1922569912410583332,2025-05-14 10:29:21,no,Si tienen que utilizar publicaciones derivadas de un delitoâ€š como es la violaciÃ³n de intimidad de unas conversacionesâ€š se pone de manifiesto que estÃ¡n perdidos.    No tienen nada que hacerâ€š ni que aportar a EspaÃ±a.    @mjmonteroc al PP en el @Congreso_Es https://t.co/1BUQvYHfQK,0
PSOE,1922564923759927794,2025-05-14 10:09:32,no,Hay rÃ©cord en empleoâ€š hay un crecimiento 4 veces superior a la media europeaâ€š hemos bajado el dÃ©ficit y hemos bajado la deuda.    Este nivel de recaudaciÃ³n seÃ±ala que EspaÃ±a funciona.    @mjmonteroc al PP en el @Congreso_Es https://t.co/jUL9z9tQkJ,0
PSOE,1922560267306652110,2025-05-14 09:51:01,no,La OCDE dio el dato que en el 2024 las rentas reales de las familias espaÃ±olas habÃ­an crecido por encima de la media europea.    Eso no es casualidad.    @sanchezcastejon en el @Congreso_Es https://t.co/WwB8KY12PZ,0
PSOE,1922555766663180411,2025-05-14 09:33:08,no,Han convocado el Congreso del PP y le han comprado todo el pack: el abortoâ€š la eutanasiaâ€š la Reforma Laboralâ€¦    PresÃ©ntese porque la batalla ideolÃ³gica la ha ganado y hasta incluso puede ganar la batalla por el liderazgo.    @sanchezcastejon a Abascal en el @Congreso_Es https://t.co/nJyoV43Vcr,0
PSOE,1922555582323556753,2025-05-14 09:32:24,no,Por muchas piezas que cambien en el Congreso del PPâ€š no van a cambiar la que no funciona.    La pieza averiada que es usted.    @sanchezcastejon a FeijÃ³o en la #SesiÃ³nDeControl en el @Congreso_Es https://t.co/c3jtJyCBqE,0
PSOE,1922552823868195029,2025-05-14 09:21:27,no,ComparÃ³ el Congreso del PP con el cÃ³nclave del Vaticano.    Ãndese con ojo porque uno entra Papa y sale Cardenal.    @sanchezcastejon a FeijÃ³o en la #SesiÃ³nDeControl en el @Congreso_Es https://t.co/xekE0SiHJV,0
PSOE,1922380442054819993,2025-05-13 21:56:28,no,ğŸ—“ï¸Â Â¡Buenas noches! Compartimos laÂ agenda de la ComisiÃ³n Ejecutiva Federal para maÃ±anaâ€š miÃ©rcoles 14 de mayo.    https://t.co/lshSZ8diWU https://t.co/GyV7zLrCpI,0
PSOE,1922373577644388805,2025-05-13 21:29:11,no,âš«ï¸ Pepe Mujica inspirÃ³ a millones. Su lucha por la justicia social ya es legado y ejemplo para todos los pueblos del mundo.     Con enorme tristezaâ€š que la tierra te sea leveâ€š compaÃ±ero.    https://t.co/PLvNTVM4Y4,0
PSOE,1922306307970777170,2025-05-13 17:01:53,no,EN DIRECTO. ğŸš€    @SaizElma te estÃ¡ esperando â€¼ï¸    PregÃºntala tÃº mismo lo que quieras. â¤µï¸    https://t.co/A62ZmrBVrV,0
PSOE,1922294723571577057,2025-05-13 16:15:51,no,Si tienes alguna pregunta para @SaizElmaâ€š es el momentoâ€¼ï¸     A las 17:00 h. tienes la oportunidad porque estarÃ¡ en directo en nuestro @instagram.    Nos vemos en unos minutos â–¶ï¸ https://t.co/A62ZmrBVrV https://t.co/feDUPA3T7T,0
PSOE,1922291716599488738,2025-05-13 16:03:54,no,El #CMin ha aprobado la reforma del acceso a las carreras judicial y fiscal y mejora la independencia de la FiscalÃ­a General.    â• Info. en nuestra web: https://t.co/0HNGfycGbA https://t.co/ZWfhJOHh6o,0
PSOE,1922219540986966457,2025-05-13 11:17:06,no,FeijÃ³o debe tener cuidado. Se dice queâ€š en los cÃ³nclavesâ€š el que entra Papa sale cardenal.     Si al final sale como lÃ­der del PPâ€š tiene una oportunidad de demostrar su liderazgo sacando a MazÃ³n de la Comunitat Valenciana.    @pilarbernabe https://t.co/q3H37VC7cz,0
PSOE,1922010027604238827,2025-05-12 21:24:34,no,ğŸ—“ï¸ Â¡Buenas noches! Compartimos la agenda de la ComisiÃ³n Ejecutiva Federal para maÃ±anaâ€š martes 13 de mayo.  https://t.co/Q2dmedC4IG https://t.co/vDxVMS88MO,0
PSOE,1921993508786737156,2025-05-12 20:18:56,no,El ministro del Interiorâ€š Fernando Grande-Marlaskaâ€š y el secretario de PolÃ­tica Institucional y FormaciÃ³nâ€š @gomezdcelisâ€š han mantenido esta tarde una jornada de trabajo con los portavoces socialistas de esta Ã¡rea en el Congresoâ€š Senadoâ€š parlamentos autonÃ³micos y europeoâ€š FEMP y https://t.co/uMi2fBQwSc,0
PSOE,1921981103285420517,2025-05-12 19:29:38,no,El secretario de Sanidadâ€š @KilianSanjuanâ€š ha estado moderando la jornada de 'La Salud mentalâ€š el valor de la Sanidad PÃºblica' en la que han participado @paparicio3â€š @jolupedrema y Dolors LÃ³pez AlarcÃ³n.    MÃ¡s fotos en flickr: https://t.co/F2mEA2aJ2I    #EspaÃ±aAdelantaPorLaIzquierda https://t.co/iq2ERpG5YX,0
PSOE,1921960915940839589,2025-05-12 18:09:25,no,La secretaria de Agriculturaâ€š GanaderÃ­a y Pescaâ€š @romero_obreroâ€š ha estado moderando la jornada de 'TransiciÃ³n EnergÃ©tica en el territorio' junto @marcpons73 y en la que han participado @JavierPGomezâ€š MarÃ­a Ãngeles Taborraâ€š JosÃ© Donoso y @CristobalCano26.    MÃ¡s fotos en flickr: https://t.co/9wKl6qiRnW,0
PSOE,1921951550840164811,2025-05-12 17:32:12,no,ğŸ”´ No te pierdas la jornada de 'La Salud mentalâ€š el valor de la Sanidad PÃºblica'.      Con la participaciÃ³n de @paparicio3â€š @jolupedrema y Dolors LÃ³pez AlarcÃ³n.    Modera y clausura: @KilianSanjuan    âŒšï¸ A partir de las 18:00h.     â–¶ï¸ SÃ­guela aquÃ­: https://t.co/5JWkMfYcLB https://t.co/TgbgQhLw2j,0
PSOE,1921925905150062901,2025-05-12 15:50:18,no,ğŸ”´ No te pierdas la jornada de TransiciÃ³n EnergÃ©tica en el territorio.    Con la participaciÃ³n de @Isabel_Xixonaâ€š Ãngel SÃ¡nchezâ€š @CristobalCano26 y Miguel Padilla.    Modera: @romero_obrero    âŒš A partir de las 15:30h.    â–¶ï¸ SÃ­guelo aquÃ­:  https://t.co/Vm5qOEiZza https://t.co/L6TGXiEWJ7,0
PSOE,1921915248438624383,2025-05-12 15:07:57,no,ğŸ”´El PSOE saluda el anuncio de Congreso ordinario de un PP â€œmÃ¡s desnortado que nuncaâ€.    @estherpcamarero     â• Info. en la web: https://t.co/lqF5TN1cAJ https://t.co/APftjMp7EL,0
PSOE,1921908507525136802,2025-05-12 14:41:10,no,"El PSOE solicitarÃ¡ formalmente una auditoria urgente a la Xunta de Galicia que estudie la adjudicaciÃ³n de contratos a dedo de la hermana de FeijÃ³o.    Encontramos muchos casos aislados"" que no son casualidad.    Queremos explicaciones inmediatas.    @estherpcamarero https://t.co/TzFI2qGOn8""",0
PSOE,1921899242034999780,2025-05-12 14:04:21,no,El alcalde de Estepona tendrÃ¡ que vÃ©rselas ante un juez con declaraciones que provocan bochorno.    ğŸ”´ Vamos a pedirâ€š en el seno de la FEMPâ€š que GarcÃ­a Urbano sea destituido como Pdte. de la comisiÃ³n de Hacienda y vicepresidente del CMREâ€š un cargo propuesto por FeijÃ³o. https://t.co/cJmAPcLFD2,0
PSOE,1921897148548870458,2025-05-12 13:56:01,no,Si el camino de la derecha para sacar del gobierno a los socialistas pasa ahora por la filtraciÃ³n de mensajes personalesâ€š que abandonen toda esperanza.     â†’ No vamos a dar mucho pÃ¡bulo a este tipo de tÃ¡cticas.    Con tal de volver al poder se llevarÃ¡n por delante lo que haga falta: https://t.co/KNF64ecdKX,0
PSOE,1921895522471723243,2025-05-12 13:49:34,no,FeijÃ³o convoca cÃ³nclave. Veremos quienes son los 133 cardenales del PP que eligen nuevo presidenteâ€š ante un FeijÃ³o que ya se considera difunto polÃ­tico.    â†’ Va para 8 aÃ±os los que lleva el PP sin un congreso ordinarioâ€š se nota.    Les deseamos lo mejor y que no se quede en un https://t.co/RX4v8ZqSdl,0
PSOE,1921877856570753363,2025-05-12 12:39:22,no,No te pierdas en unos minutos la rueda de prensa posterior a la ComisiÃ³n Ejecutiva Federal de @estherpcamareroâ€š portavoz del PSOE.    âŒšï¸ A partir de las 13:00 h.    â–¶ï¸ En directo a travÃ©s de https://t.co/p5UJ2LEw8e    Te esperamos â€¼ï¸ https://t.co/cxZIGBZbFf,0
PSOE,1921865370903674939,2025-05-12 11:49:45,no,ğŸŒ¹ En Ferraz.    @sanchezcastejon preside la ComisiÃ³n Ejecutiva Federal.    â• ImÃ¡genes en:     https://t.co/KZzSRm83qi https://t.co/zVriPY1tO9,0
PSOE,1921839594909151445,2025-05-12 10:07:20,no,Se acabÃ³ con la temporalidad laboral.    ğŸ“‰ Los contratos temporalesâ€š caen en cifras histÃ³ricas. https://t.co/fRO3U2tdfb,0
PSOE,1921839598092636523,2025-05-12 10:07:20,no,En resumenâ€š una vez mÃ¡s demostramos a la derecha que SÃ sabemos gestionar la economÃ­a MEJOR que ellos.    Cuando FeijÃ³o os diga que todo va mal y que esto es mentira.  No lo decimos nosotrosâ€š lo dicen los datos. â¤µï¸    https://t.co/b1dzdDXJ1J https://t.co/Iyec0OC8mz,0
PSOE,1921839575464378696,2025-05-12 10:07:15,no,ğŸ“ˆ Nunca ha habido tanta gente trabajando.  Se dice pronto: 21â€š5 millones de afiliados y afiliadas a la Seguridad Social.    Un rÃ©cord histÃ³rico hasta la fecha superando los 21â€š7 millones el 28 de abril. https://t.co/q8AwQFrunx,0
PSOE,1921839578530431044,2025-05-12 10:07:16,no,ğŸ“‰ El paro disminuye en abril en 67.420 personas.      Nos situamos en la cifra mÃ¡s baja en los Ãºltimos 17 aÃ±os. https://t.co/9ASJaxxN60,0
PSOE,1921645909416313112,2025-05-11 21:17:41,no,ğŸ—“ï¸ Â¡Buenas noches! Compartimos la agenda de la ComisiÃ³n Ejecutiva Federal para maÃ±anaâ€š lunes 12 de mayo.    https://t.co/fRYaM9gCTl https://t.co/n3OH7TJWgR,0
PSOE,1921616825688707510,2025-05-11 19:22:07,no,"Y una vez mÃ¡s...volviÃ³ a pasar.    FeijÃ³o votando NO a los intereses de EspaÃ±a. Da igual cuando leas esto.    Noâ€š no y no.""    âœï¸ğŸ» Imprescindible lectura del editorial de ""El Socialista"" de esta semana. â¤µï¸    https://t.co/p2duXar3H4 https://t.co/uJNdgGmQfG""",0
PSOE,1921601148974240191,2025-05-11 18:19:50,no,Si desglosamos esos 21â€š5 millones de afiliados y afiliadas a la Seguridad Socialâ€š Â¿quÃ© encontramos?    â• 487.134 ocupados anuales.  â• 230.993 afiliados y afiliadas respecto a marzo. https://t.co/kJUG8G2aYm,0
PSOE,1921601152975560788,2025-05-11 18:19:51,no,ğŸ’œ TambiÃ©n disminuye el paro femenino.    Este mes de abril ha sido el mes con menores cifras de desempleo desde 2008. https://t.co/QlS6Fzsaqv,0
PSOE,1921578837327892678,2025-05-11 16:51:10,no,La UniÃ³n Europea defiende unos valores muy importantes.    Es un ejemplo en el mundo y tenemos que mantenerla a toda costa.    Paca Sauquillo en Zona Roja.    #MÃ¡sEuropaEsMÃ¡sEspaÃ±a  #MÃ¡sEuropaEsMÃ¡sFuturo https://t.co/k6AxbK3gg8,0
PSOE,1921576940336541961,2025-05-11 16:43:38,no,La extrema derecha es incompatible con la UniÃ³n Europea y con la democracia.    El verdadero problema es tener a derecha que la blanquee y la abrace.    Y eso es lo que tenemos en EspaÃ±a desgraciadamente.    @cesarluena en Zona Roja.    #MÃ¡sEuropaEsMÃ¡sEspaÃ±a  #MÃ¡sEuropaEsMÃ¡sFuturo https://t.co/xN3VX0GuUR,0
PSOE,1921555504305787002,2025-05-11 15:18:27,no,â€œLas siglas del PP significan Partido Perdido.â€    â• InformaciÃ³n ampliada sobre la intervenciÃ³n de @EnmaLopez en la clausura del Congreso del @PSOE_Coruna. â¤µï¸    https://t.co/yPM96IfVjR https://t.co/I9kJ00Cu5E,0
PSOE,1921540115593154854,2025-05-11 14:17:18,no,Nos gustarÃ­a que el PP nos contestase a unas preguntas.    Â¿DÃ³nde estaba MazÃ³n cuando la gente se ahogaba en Valencia?    Â¿QuÃ© hay de esos contratos vinculados a la hermana de FeijÃ³o?    Esperamos la respuesta de GÃ©nova.    @EnmaLopez https://t.co/ew3PobuKPV,0
PSOE,1921538897181315203,2025-05-11 14:12:28,no,Borrad de la cabeza el mantra de que la derecha sabe gestionar la economÃ­a.    Porque somos nosotrosâ€š las y los socialistasâ€š quienes sabemos crear riqueza.    Pero sobre todoâ€š la redistribuimos entre todos y todas.    Y esa es la clave.    @EnmaLopez https://t.co/KYH2C3G61P,0
PSOE,1921537265089585192,2025-05-11 14:05:59,no,Ayer la derecha y ultraderecha se manifestÃ³ en Madrid.    Y fijaros si convencen poco que cada vez son menos.    Nosotrosâ€š sin embargoâ€š salimos a manifestarnos por la paz y por Europa.    Mientras ellos se manifiestan por el pasadoâ€š nosotros somos referentes del futuro.    @EnmaLopez https://t.co/ZsOLQqaV2J,0
PSOE,1921535831816143261,2025-05-11 14:00:17,no,El PP es el partido perdido.    No tienen proyecto polÃ­ticoâ€š solo se dedican a pedir elecciones.    Son incapaces de asumir que no pueden con @sanchezcastejon.     @EnmaLopez https://t.co/lwzJPCKgM1,0
PSOE,1921502389514727826,2025-05-11 11:47:24,no,ğŸ”´ CLAUSURA DEL CONGRESO PROVINCIAL DE A CORUÃ‘A.    No te pierdas la intervenciÃ³n de @EnmaLopezâ€š secretaria de PolÃ­tica EconÃ³mica y TransformaciÃ³n Digital del PSOE.    âŒšï¸ A partir de las 13:00 h.     â–¶ï¸ En directo desde https://t.co/p5UJ2LEw8e    Te esperamos â€¼ï¸ https://t.co/wKPUU7yzYK,0
PSOE,1921317242634936679,2025-05-10 23:31:41,no,Calma y sosiego.    Tenemos que poner todos los datos sobre la mesa sobre lo que pasÃ³ el 28 abril.    Es un tema muy serio como para crear conjeturasâ€š dejemos trabajar a los que realmente son expertos en energÃ­a.    @EnmaLopez  en @laSextaXplica https://t.co/oEpCwLSNCa,1
PSOE,1921298172548129069,2025-05-10 22:15:54,no,Nunca estÃ¡n a la altura.    El Ãºnico proyecto polÃ­tico del PP para EspaÃ±a es pedir elecciones.    Y por ciertoâ€š que en sus manifestaciones haya banderas preconstitucionales es muy preocupante...    @EnmaLopez en @laSextaXplica https://t.co/GmK6mMVvnV,0
PSOE,1921296580818194725,2025-05-10 22:09:35,no,El PP da por amortizado a MazÃ³n mientras el resto estamos esperando a que de explicaciones.    Los valencianos y valencianas quieren saber dÃ³nde estaba MazÃ³n el 29 de octubre de 2024.    Ni mÃ¡sâ€š ni menos.    @EnmaLopez en @laSextaXplica https://t.co/y2g4zpqafW,0
PSOE,1921283182340563302,2025-05-10 21:16:21,no,No te pierdas la intervenciÃ³n de @EnmaLopez secretaria de PolÃ­tica EconÃ³mica y TransformaciÃ³n Digital del PSOE.    âŒšï¸ A partir de las 21:45 h. en @laSextaXplica.    â–¶ï¸ Puedes seguirla en directo aquÃ­: https://t.co/cOThXTcTkX https://t.co/RNnuuvzfgJ,0
PSOE,1921272614774833159,2025-05-10 20:34:21,no,ğŸ—“ï¸ Â¡Buenas tardes! Compartimos la agenda de la ComisiÃ³n Ejecutiva Federal para maÃ±anaâ€š domingo 11 de mayo.    https://t.co/W3eZOAw5Fm https://t.co/wi7HbuUPal,0
PSOE,1921252259238703212,2025-05-10 19:13:28,no,â€œ80 aÃ±os de la victoria frente al nazismo: memoriaâ€š democracia y compromiso en el DÃ­a de Europa.â€    âœğŸ¼  Lectura obligatoria este artÃ­culo de â€˜El Socialistaâ€™ sobre el #DÃ­aEuropa. â¤µï¸    https://t.co/clYAtd56hw https://t.co/CChvdNJje1,0
PSOE,1921218556143833483,2025-05-10 16:59:32,no,Â¿Sabes lo quÃ© es el euro digital?    Atento a @EnmaLopez que te lo cuenta en Zona Roja. ğŸ‘‡ğŸ» https://t.co/1WaDPpDO5g,0
PSOE,1921193908513407240,2025-05-10 15:21:36,no,â€œEspaÃ±a es un gran paÃ­sâ€š pero tenemos una derecha muy pequeÃ±ita y con una visiÃ³n muy corta.â€    â• InformaciÃ³n ampliada sobre la intervenciÃ³n de @LuisPlanas en el XIV Congreso provincial del @psoebadajoz. â¤µï¸    https://t.co/s4uIzxk72n,0
PSOE,1921182112784285962,2025-05-10 14:34:44,no,Somos un gran paÃ­s pero con una oposiciÃ³n muy pequeÃ±a.    Con una derecha con un escasÃ­simo patriotismo.    Y una vez mÃ¡s lo han demostrado con su falta de apoyo al Plan de Respuesta y Relanzamiento Comercial del Gobierno.    @LuisPlanas https://t.co/YTVzeJ3SUT,0
PSOE,1921180618110468362,2025-05-10 14:28:47,no,21.600.000 afiliados y afiliadas a la Seguridad Social.    Una previsiÃ³n de crecimiento para EspaÃ±a del 2â€š5%.    Frente al apocalipsis de FeijÃ³oâ€š nuestro orgullo socialista.    Recojamos el fruto del trabajo bien hecho.    @LuisPlanas https://t.co/q5h0gHytNr,0
PSOE,1921169756175945935,2025-05-10 13:45:38,no,â€œHoy se manifiesta el pasadoâ€š maÃ±ana se manifiesta el futuro. Hoy se manifiestan todos aquellos que rechazan todos los avances de este paÃ­s.â€     â• InformaciÃ³n ampliada sobre las declaraciones de @oscarlopeztwit en nuestra web. â¤µï¸    https://t.co/0rLnxlqq6Y,0
PSOE,1921159869945585926,2025-05-10 13:06:21,no,La bolsa batiÃ³ ayer un rÃ©cord histÃ³rico.    Esta es la EspaÃ±a realâ€š la que no para de crecer y conseguir logros.    Frente a ellaâ€š un PP y un FeijÃ³o que cada vez son mÃ¡s dÃ©biles e irrelevantes.    Se respiran nervios en GÃ©nova.    @oscarlopeztwit https://t.co/4L4sGkhgMY,0
PSOE,1921158599423750483,2025-05-10 13:01:18,no,Hoy se manifiesta el pasadoâ€š maÃ±ana el futuro.    Europa vive amenazada por una ola ultraderechista que amenaza nuestros avances.    Es el momento de que maÃ±ana salgamos todos y todas a la calle a defenderla.    @oscarlopeztwit https://t.co/G68wfKDR7h,0
PSOE,1921143011389436278,2025-05-10 11:59:21,no,Dado el 'Ã©xito' de la manifestaciÃ³n en la Plaza de ColÃ³n de Madridâ€š el alcalde Almeida ha desconectado la webcam de la zona (una vez mÃ¡s).     FeijÃ³o y Abascal han logrado convocar a diez o doce mÃ¡s de los que echan la tarde todos los dÃ­as en Ferraz.     Honor. ğŸ˜‚ https://t.co/EwG8HtxJdj,0
PSOE,1921108543622512710,2025-05-10 09:42:23,no,â˜€ï¸Buenos dÃ­asâ€š te esperan:    ğŸ•“ 10:40 h. intervenciÃ³n de @LuisPlanasâ€š ministro @gobmapaâ€š en el congreso provincial de Badajoz.    ğŸ•” 11:45 h. declaraciones de @oscarlopeztwitâ€š ministro de @mintradigital y secretario general del @psoe_m.      â–¶ï¸ En directo en https://t.co/p5UJ2LEw8e https://t.co/0HWv3yLgRB,0
PSOE,1920933025035985309,2025-05-09 22:04:57,no,ğŸ—“ï¸ Â¡Buenas noches! Compartimos la agenda de la ComisiÃ³n Ejecutiva Federal para maÃ±anaâ€š sÃ¡bado 10 de mayo.    https://t.co/S0WAQBf5Ja https://t.co/L6zGBrUe6q,0
PSOE,1920916548182515825,2025-05-09 20:59:28,no,"ğŸ“¢ Nueva entrega de El Socialista"".    ğŸŒ¹ Especial 1ï¸âƒ£4ï¸âƒ£6ï¸âƒ£ aÃ±os de lucha obrera y de socialismo en EspaÃ±a.     ğŸ—ï¸ NÃºmero completo disponible. â¤µï¸    https://t.co/2lY3yupJmO https://t.co/Hv9fBjdmPH""",0
PSOE,1920882188100252048,2025-05-09 18:42:56,no,Entenderse y aliarse con todos aquellos que quieren defender Europa.    Esa es la forma de combatir a la extrema derecha.    No podemos permitir que se destruya el proyecto europeo.    @IratxeGarper en Zona Roja.    #MÃ¡sEuropaEsMÃ¡sEspaÃ±a  #MÃ¡sEuropaEsMÃ¡sFuturo https://t.co/Uw0ot3kkpN,0
PSOE,1920881524850798685,2025-05-09 18:40:18,no,El liderazgo en Europa de @sanchezcastejon es clave.    Ha marcado una nueva forma de afrontar las crisisâ€š tanto en EspaÃ±a como en la UniÃ³n Europea.    @IratxeGarper en Zona Roja.    #MÃ¡sEuropaEsMÃ¡sEspaÃ±a  #MÃ¡sEuropaEsMÃ¡sFuturo https://t.co/YLz6CYWNJa,0
PSOE,1920880238642262209,2025-05-09 18:35:11,no,Â¿Una EspaÃ±a fuera de la ğŸ‡ªğŸ‡º?    DifÃ­cil imaginarse esoâ€š somos uno de los paÃ­ses con mÃ¡s sentimiento europeÃ­sta.    Todos los avances que se han producido son un camino conjunto entre EspaÃ±a y la UniÃ³n Europea.    @IratxeGarper en Zona Roja.    #MÃ¡sEuropaEsMÃ¡sEspaÃ±a  #MÃ¡sEuropaEsMÃ¡sFuturo https://t.co/wDXZXmq4QV,0
PSOE,1920836613606719939,2025-05-09 15:41:50,no,"Un FARO europeo contra la oscuridad del odio.""    Hoyâ€š #DÃ­aDeEuropaâ€š muy recomendada la lectura de esta tribuna de @SaizElma para @publico_es. ğŸ‘‡ğŸ»    https://t.co/goF4WAPdKa""",0
PSOE,1920795387570405684,2025-05-09 12:58:01,no,Como todos los viernesâ€š aquÃ­ tenÃ©is ZONA ROJA ğŸ”´    En el #DÃ­aDeEuropa dialogamos con Paca Sauquillo y @cesarluena.    Recorreremos el Parlamento Europeo y nos visita @IratxeGarper presidenta de @TheProgressives.    Y no nos faltan datos que te interesan con @EnmaLopez.    ğŸ«µğŸ¼Ãšnete a la https://t.co/XQpK7szVNY,0
PSOE,1920753541162873099,2025-05-09 10:11:44,no,#MÃ¡sEuropaEsMÃ¡sEspaÃ±a  #MÃ¡sEuropaEsMÃ¡sFuturo https://t.co/AvirLSBduZ,0
PSOE,1920753543507595298,2025-05-09 10:11:45,no,#MÃ¡sEuropaEsMÃ¡sEspaÃ±a  #MÃ¡sEuropaEsMÃ¡sFuturo https://t.co/XqAdKQEGw8,0
PSOE,1920740809407701034,2025-05-09 09:21:09,no,El PP vota NO a impulsar el fondo de Apoyo a la IversiÃ³n Productiva. https://t.co/0ELxom2UwW,0
PSOE,1920740812469469190,2025-05-09 09:21:09,no,El PP vota NO al nuevo plan MOVES que sirve de estÃ­mulo al sector del automÃ³vil. https://t.co/UmSBJpRoUz,0
PSOE,1920740804248617122,2025-05-09 09:21:08,no,El PP vota NO al bien de las empresas. https://t.co/pqXq0AdjY7,0
PSOE,1920740807050424741,2025-05-09 09:21:08,no,El PP voto NO al acceso a la financiaciÃ³n. https://t.co/phogGwdHkj,0
PSOE,1920571232551932314,2025-05-08 22:07:18,no,ğŸ—“ï¸ Â¡Buenas noches! Compartimos la agenda de la ComisiÃ³n Ejecutiva Federal para maÃ±anaâ€š viernes 9 de mayo.  https://t.co/S0WAQBf5Ja https://t.co/i4KpBF8PuG,0
PSOE,1920552110715773284,2025-05-08 20:51:19,no,El PSOE celebra el DÃ­a de Europa: Trabajamos por la Europa de la esperanzaâ€š de las oportunidades y de las personas.     MÃ¡s informaciÃ³n en la web: https://t.co/U4rTPkaUni https://t.co/R62uYFv9p7,0
PSOE,1920544591452807249,2025-05-08 20:21:27,no,La UniÃ³n Europea tiene los valores que mÃ¡s se parecen al PSOE.    Somos un partido europeÃ­sta y sabemos de las necesidades que tienen nuestras ciudades y nuestros municipios.    @JavierAyalaO     #DÃ­aDeEuropa https://t.co/adgbjFVKIy,0
PSOE,1920539240863015056,2025-05-08 20:00:11,no,El presidenteâ€š @sanchezcastejonâ€šes muy respetado fuera de nuestras fronteras â€š tanto en Europa como en otros continentes.    Ha liderado cuestiones arancelarias y siempre medidas para el bien de las y los ciudadanos.    @jalloul_hana     #DÃ­aDeEuropa https://t.co/By1Go2vilR,0
PSOE,1920535935260750081,2025-05-08 19:47:03,no,El futuro de Europa solo puede ser construir sobre la base de nuestros valores comunes.    Justiciaâ€š solidaridadâ€š la Europa social y de la igualdadâ€š una Europa verde y que se compromete con los mÃ¡s vulnerables.    @IratxeGarper     #DÃ­aDeEuropa https://t.co/WHHVgXzk5n,0
PSOE,1920504693874098410,2025-05-08 17:42:54,no,La FundaciÃ³n Avanza reivindica la evidencia cientÃ­fica como base de las polÃ­ticas pÃºblicas en plena transiciÃ³n energÃ©tica.    â• Info. en nuestra web: https://t.co/iyEhimkcbh https://t.co/82dCbwF6GX,0
PSOE,1920497241413849100,2025-05-08 17:13:18,no,El PP vuelve a votar NO al bien de la ciudadanÃ­a.    NADA NUEVO BAJO EL SOL. https://t.co/0FZK3qegyt,0
PSOE,1920478184987893910,2025-05-08 15:57:34,no,ğŸ”´ No te pierdas el DÃA DE EUROPA: EUROPA EN TU CALLE.    Con las intervenciones de:    ğŸ‡ªğŸ‡º @JavierAyalaO   ğŸ‡ªğŸ‡º @IratxeGarper   ğŸ‡ªğŸ‡º @jalloul_hana     âŒš A partir de las 19:00h.    ğŸ“² SÃ­guelo en directo en nuestro Instagram: https://t.co/A62ZmrBVrV    #DÃ­aDeEuropa https://t.co/CBDrS3lAZP,0
PSOE,1920449459294470511,2025-05-08 14:03:25,no,Hoyâ€š 8 de mayoâ€š es el DÃ­a de homenaje a las vÃ­ctimas del exilio    Y en el PSOE recordamosâ€š reconocemos y homenajeamos a todos los hombres y mujeres vÃ­ctimas de la Guerra Civil y la Dictadura.    Porque fueronâ€š somosâ€š porque somosâ€š serÃ¡n.    âœï¸ğŸ» Manifiesto. â¤µï¸    https://t.co/484xevJcrq https://t.co/pN89I3NMmz,0
PSOE,1920432784260075769,2025-05-08 12:57:10,no,Â¿Nos sorprende? el voto del PPâ€š pues desgraciadamente no.    Llevamos aÃ±os viendo como estÃ¡n mÃ¡s centrados en hacer polÃ­tica quemada que polÃ­tica constructiva.    FeijÃ³o venÃ­a hacer polÃ­tica adultaâ€š avisadnos porque seguimos esperando.,0
PSOE,1920432787699429534,2025-05-08 12:57:11,no,NO a la Ley Ã“mnibus.  NO a la Agencia Estatal de Salud PÃºblica.  NO a Ley Trans y LGTBI.    En definitivaâ€š FeijÃ³o es el palo en la rueda del progreso y los intereses de los espaÃ±oles y espaÃ±olas.    Y como siempreâ€š si no nos creesâ€š puedes verlo tÃº mismo. â¤µï¸    https://t.co/Qw2IBPEm9l,0
PSOE,1920397791098011956,2025-05-08 10:38:07,no,MaÃ±ana es un dÃ­a muyâ€š muy especial. ğŸ˜ â€¼ï¸    Vuelve Zona Roja y es el DÃ­a de ğŸ‡ªğŸ‡º.    Y quiÃ©n mejor para hablarnos sobre Europa que @IratxeGarperâ€š @cesarluena y Francisca Sauquillo.    Y @EnmaLopez nos hablarÃ¡ del futuro del â‚¬.    No te olvidesâ€š tienes una cita en https://t.co/p5UJ2LEw8e https://t.co/m4KpiW8SEd,0
PSOE,1920198009138147369,2025-05-07 21:24:15,no,ğŸ—“ï¸ Â¡Buenas noches! Compartimos la agenda de la ComisiÃ³n Ejecutiva Federal para maÃ±anaâ€š jueves 8 de mayo.    https://t.co/zIL2Z33PTB https://t.co/bON3KE3MdY,0
PSOE,1920192889964949568,2025-05-07 21:03:55,no,Para los del uranioâ€š aquÃ­ @sanchezcastejon os lo explica. https://t.co/Zz5ThZGfqu,0
PSOE,1920173989520949494,2025-05-07 19:48:48,no,Vox es la EspaÃ±a que lleva mal madrugar. https://t.co/5zi16O2KbN,0
PSOE,1920164697870832023,2025-05-07 19:11:53,no,Ayer Vox atacÃ³ a las asociaciones de vÃ­ctimas de la DANA.    Estas declaracionesâ€š de un Vox que se ha convertido en el escudo del PPâ€š son de lo mÃ¡s indigno.    Estas personas no representan al pueblo valenciano y no le llegan ni a la suela de los zapatos a las familiares de las https://t.co/9IKWuvuqra,0
PSOE,1920151472055972071,2025-05-07 18:19:20,no,â€œEspaÃ±a avanza sin su permisoâ€š eso es lo que le molestaâ€    @sanchezcastejon a FeijÃ³o en el @Congreso_Es.    ğŸ”— InformaciÃ³n ampliada de la sesiÃ³n de control al Gobierno en nuestra web. â¤µï¸    https://t.co/DCTYdGC2og,0
PSOE,1920145583454449721,2025-05-07 17:55:56,no,"Comparecencia de @sanchezcastejon en el @Congreso_Es:    El futuro energÃ©tico de EspaÃ±a es verde o no serÃ¡""     ğŸ”— InformaciÃ³n ampliada en nuestra web. â¤µï¸    https://t.co/eTSivATjXX""",0
PSOE,1920135174567731319,2025-05-07 17:14:34,no,Preferimos a los diputados de Vox dormidos porque asÃ­ no esparcen barro con mentiras.    Es la Ãºnica forma de que aporten algo positivo a la democracia.    @felixbolanosg en el @Congreso_Es https://t.co/gkHZTcabZH,0
PSOE,1920132059395195304,2025-05-07 17:02:11,no,Â¿Van a apoyar el paquete de medidas de apoyo a genteâ€š a trabajadores y empresarios espaÃ±olesâ€š o va a estar con los ultras y contra los intereses de EspaÃ±a?    @felixbolanosg al PP en el @Congreso_Es https://t.co/HTM953Jp6W,0
PSOE,1920124805124182120,2025-05-07 16:33:22,no,Â¿A quÃ© intereses estÃ¡n defendiendo cuando votan en contra de todo lo que se ha votado?    @mjmonteroc al PP en el @Congreso_Es https://t.co/2FmE3C9i5Q,0
PSOE,1920121796721827974,2025-05-07 16:21:25,no,Lo que le molesta es que EspaÃ±a estÃ¡ avanzando sin su permiso.    Y como los datos no le acompaÃ±an se inventan un drama. Lo llaman oposiciÃ³n pero es un mal culebrÃ³n.    @sanchezcastejon a FeijÃ³o en el @Congreso_Es https://t.co/Z8mANxlo7b,0
PSOE,1920097890006860179,2025-05-07 14:46:25,no,A Vox le gusta tantos los bulos como a los dirigentes del PP las sobremesas.    @sanchezcastejon a Vox en el @Congreso_Es https://t.co/30d7s4B121,0
PSOE,1920089409103200402,2025-05-07 14:12:43,no,Â¿CÃ³mo gestiona el PP las crisis?    Escucha esto @sanchezcastejon en el @Congreso_Es ğŸ‘‡ğŸ» https://t.co/BlsF5n2BDm,0
PSOE,1920087099228750294,2025-05-07 14:03:32,no,Entendemos que no tiene equipo y que Tellado aÃºn estÃ¡ tratando de entender la diferencia entre vatio y voltio.    Por esoâ€š tiene que sacar la informaciÃ³n de determinados periÃ³dicos digitales. No hagaâ€š ni crea todo lo que lee en ellos.    @sanchezcastejon a FeijÃ³o en el @Congreso_Es https://t.co/IUIIy4vZqb,0
PSOE,1920086505323741330,2025-05-07 14:01:11,no,Esta si que no la vimos venir.    Las propuestas de FeijÃ³o en materia energÃ©tica son un copia-pega de otras presentadas en la Xunta.    Â¿CÃ³mo piensan aspirar a gobernar EspaÃ±aâ€š copiando apuntes del RincÃ³n del Vago?    @sanchezcastejon  en el @Congreso_Es https://t.co/IRifmsixOg,0
PSOE,1920083030300905965,2025-05-07 13:47:22,no,OjalÃ¡â€š al igual que vino la luz el 28 de abrilâ€š vengan tambiÃ©n las explicaciones de FeijÃ³o.    Â¿Sabe dÃ³nde estuvo MazÃ³n el dÃ­a de DANA?    @patxilopez en el @Congreso_Es https://t.co/UtgAwcNp7V,0
PSOE,1920079663969263833,2025-05-07 13:33:59,no,Este es el infantilismo al que ha llevado al PP.    En el debate mÃ¡s serio chascarrillosâ€š bromasâ€š insultos y una mentira tras otra.    @patxilopez en el @Congreso_Es https://t.co/vxO1ta4cf5,0
PSOE,1920035204741124511,2025-05-07 10:37:19,no,Nuestro objetivo no es amenazar a nadie ni alentar ninguna escalada armamentÃ­stica.    Es protegernosâ€š disuadir y modernizar nuestras Fuerzas Armadas con capacidades de seguridad y disuasiÃ³n para que EspaÃ±a y Europa continÃºen en su proyecto de derechosâ€š de libertades y de https://t.co/by6d5eAZoZ,0
PSOE,1920021579620049058,2025-05-07 09:43:11,no,La oposiciÃ³n intenta proyectar al Gobierno como un â€œultraâ€ antinuclear y es importante que la ciudadanÃ­a sepa que eso no es verdad.     Nuestra posiciÃ³n en esta materia es muy racional y muy razonableâ€š y no ha cambiado en 7 aÃ±os.    @sanchezcastejon en el @Congreso_Es https://t.co/4sq5M8jlZg,0
PSOE,1920020694651326590,2025-05-07 09:39:40,no,Â¿SabÃ©is cuÃ¡l es la soluciÃ³n de aquellos que acusan al Gobierno de no dar informaciÃ³n sobre el apagÃ³n?    Su agenda ideolÃ³gica y los intereses de las energÃ©ticas que tienen nucleares.    QuÃ© cosasâ€š Â¿verdad?    @sanchezcastejon en el @Congreso_Es https://t.co/YAXUGjFDf1,1
PSOE,1920019159259271492,2025-05-07 09:33:34,no,No vamos a permitir que este asunto se cierre en falsoâ€š con conclusiones superficiales o interesadasâ€š como hicieron otros gobiernos en crisis pasadas.    Nosotros vamos a llegar al fondo del asunto porque queremos exigir responsabilidades a quien corresponda.    @sanchezcastejon en https://t.co/VA9Dsq8Qm5,0
PSOE,1920018607846654411,2025-05-07 09:31:22,no,Se estÃ¡ trabajando con prudenciaâ€š rigor y transparencia para saber que ocurriÃ³ el pasado 28 de abril.    Los ciudadanos quieren saberlo y el Gobierno estÃ¡ a su disposiciÃ³n.    Se harÃ¡n pÃºblicos todos los hallazgos que se descubran.    @sanchezcastejon en el @Congreso_Es https://t.co/agvAjCfeWW,1
PSOE,1920016638155370823,2025-05-07 09:23:33,no,Nuestros servicios pÃºblicosâ€š las y los empresariosâ€š las y los trabajadoresâ€š una vez mÃ¡sâ€š estuvieron a la altura de las circunstancias durante el apagÃ³n.    TambiÃ©n lo estuvieron nuestros servidores pÃºblicos y la ciudadanÃ­a espaÃ±ola.    @sanchezcastejon en el @Congreso_Es https://t.co/N217RrFQAN,1
PSOE,1919842460756218095,2025-05-06 21:51:26,no,ğŸ—“ï¸Â Â¡Buenas tardes! Os compartimos la agenda de la Ejecutiva del PSOE del miÃ©rcoles 7 de mayo.    https://t.co/z3Sd4QJcfP https://t.co/arcJm2gdGA,0
PSOE,1919833956188291255,2025-05-06 21:17:38,no,No os podÃ©is imaginar lo que disfrutamos en cada directo que hacemos con todos vosotros.    Ha sido todo un placer @pilarbernabe.    Muchas gracias y esperamos que ese dedo se recupere pronto. ğŸ’–,0
PSOE,1919813900469481584,2025-05-06 19:57:56,no,ğŸ“¸ ImÃ¡genes disponibles en:    https://t.co/bsrVJtU7wI https://t.co/Utvk7Xqk8R,0
PSOE,1919799163639750862,2025-05-06 18:59:23,no,El modelo energÃ©tico de EspaÃ±a le permite ser el paÃ­s que mÃ¡s crece de su entorno.    Y esto es gracias a la aportaciÃ³n de las renovables.    Pedimos al PP que deje de esparcir bulos. Ya estÃ¡ bien.    @CristinaNarbona en el @Congreso_Es https://t.co/hOjVulQrhW,0
PSOE,1919775482494476765,2025-05-06 17:25:17,no,El presidente del @Senadoesp (PP) pidiendo orden a los de su mismo partido.    Sr. FeijÃ³o tome nota para hacerlo usted mismo. ğŸ˜‰ https://t.co/1TG8KvfBDP,0
PSOE,1919772531927502986,2025-05-06 17:13:33,no,Tienen que mirar su historia para darse cuenta de que son el partido mÃ¡s corrupto de la historia de Europaâ€š no pueden pasar a ensuciar a personas honestas.    @felixbolanosg al PP en el @Senadoesp https://t.co/OrUTOZIa2s,0
PSOE,1919770544804647283,2025-05-06 17:05:40,no,"Alvise amenazÃ³ con sabotear trenes y aviones"" tras ser elegido eurodiputado. ğŸ‘‡ğŸ»    https://t.co/g13wDQXfIB""",0
PSOE,1919767222521651556,2025-05-06 16:52:28,no,Rigorâ€š prudencia y certeza.    Sabremos cuÃ¡les fueron las causas del apagÃ³n del pasado 28 de abril.    El Gobierno trabaja y no volverÃ¡ a ocurrir en nuestro paÃ­s.    Sara Aagesen. https://t.co/WbBFV5YXas,1
PSOE,1919743054849745219,2025-05-06 15:16:26,no,âœ… El #CMin aprueba la reducciÃ³n de la jornada laboral.    El Gobierno cumple.     Toda la informaciÃ³n en nuestra web. â¤µï¸    https://t.co/xLfupW9myZ https://t.co/XONh94pzl9,0
PSOE,1919709540385251492,2025-05-06 13:03:15,no,Cifras rÃ©cord de trabajadores en Abril. Uno de los mayores aumentos mensuales de la historia ğŸ“ˆğŸ’¥ https://t.co/rqqtI3v5wr,0
PSOE,1919657016466800828,2025-05-06 09:34:32,no,Hay casi 154.000 parados menos que hace un aÃ±oâ€š lo que supone un descenso del 5â€š8%.    ğŸ‘· El paro entre los jÃ³venes marca un nuevo mÃ­nimo en un mes de abrilâ€š con la mayor caÃ­da en abril desde 2001.,0
PSOE,1919657018450743651,2025-05-06 09:34:33,no,La creaciÃ³n de puestos de trabajo en sectores de valor aÃ±adido crecen con fuerza y la temporalidad se encuentra en mÃ­nimos: el 88% de los ocupados cuentan con un contrato indefinido.    El 44â€š5% de los contratos firmados en abril eran indefinidos. ğŸ‘©â€ğŸ’¼,0
PSOE,1919508922940920265,2025-05-05 23:46:04,no,Desde la ComisiÃ³n Ejecutiva Federal del PSOE queremos mandar un fuerte abrazo a la familia y amigos de Jonatan Rubio. Un ejemplo de compromiso socialista. Que la tierra te sea leveâ€š compaÃ±ero.,0
PSOE,1919458265332695299,2025-05-05 20:24:46,no,ğŸ—“ï¸ Â¡Buenas tardes! Os compartimos la agenda de la Ejecutiva del PSOE del lunes 5 de mayo.  https://t.co/9Tq0v3ECdE https://t.co/cwfOjaV1RO,0
PSOE,1919407196464464070,2025-05-05 17:01:51,no,ğŸ”´ Â¡Estamos YA en DIRECTO con @pilarbernabe!    Ãšnete y envÃ­a tu pregunta â€¼ï¸    https://t.co/BofrY0LnFe,0
PSOE,1919396342595498041,2025-05-05 16:18:43,no,Â¿Tienes alguna pregunta? es el momento â€¼ï¸    Puedes hacÃ©rsela tÃº mismo a @pilarbernabe.    âŒšï¸ A las 17:00 h. en directo a travÃ©s de nuestro perfil de @instagram.    Nos vemos en unos minutos â¡ï¸ https://t.co/A62ZmrBVrV https://t.co/O9c9s9rcKT,0
PSOE,1919390803366940769,2025-05-05 15:56:42,no,EspaÃ±a mejora en el ranking de libertad de prensa y el PP no se corta mintiendoâ€š diciendo que no hay libertad de prensa.    El mayor ataque a la prensa es regar de dinero a los pseudo medios. https://t.co/iuv2JfKiYg,0
PSOE,1919304778053538042,2025-05-05 10:14:52,no,El carroÃ±ero polÃ­tico es una especie que siempre aparece para aprovecharse de los males ajenos y tratar de mejorar su triturada imagen pÃºblica.     AquÃ­ tenemos un buen ejemplo: un seÃ±or FeijÃ³o que ni siquiera condena el sabotaje de las vÃ­as de alta velocidadâ€š y sin ninguna,0
PSOE,1919099723610309116,2025-05-04 20:40:03,no,ğŸ—“ï¸ Â¡Buenas tardes! Os compartimos la agenda de la Ejecutiva del PSOE del lunes 5 de mayo.    https://t.co/PJkhLXQBKf https://t.co/QYyVZyUUlm,0
PSOE,1919064959998132351,2025-05-04 18:21:55,no,La modernizaciÃ³n de EspaÃ±a lleva sello del PSOE y una vez mÃ¡s hemos demostrado que se puede crecer sin recortar derechos.    Nos queda mucho camino por delanteâ€š pero juntos y juntas vamos a seguir haciendo historia.    @EnmaLopez    ğŸ“¹ Programa completo Zona Roja en #PSOEPlay â€¼ï¸ https://t.co/0HBDBNQa2O,0
PSOE,1919035217181868435,2025-05-04 16:23:44,no,"ğŸ—£ï¸ @estherpcamarero: El PP esperaba el caosâ€š pero la sociedad espaÃ±ola ha vuelto a darles una lecciÃ³nâ€.    Critica la cobardÃ­a de FeijÃ³o frente a sus sociosâ€š frente a las vÃ­ctimas de la DANA y ante sus responsabilidades como jefe de la oposiciÃ³n.    â• Info. ğŸ‘‡ https://t.co/NOny8kf2Wg""",0
PSOE,1918987323175207163,2025-05-04 13:13:25,no,Lo vemos en los ataques a las sedes y miembros del PSOE.     TambiÃ©n los periodistas progresistas estÃ¡n sufriendo al envalentonado fascismo. FeijÃ³o sigue sin condenar el atentado contra el @psoesantander. Y no pasa nada.     Toda la solidaridad @AntonioMaestre. https://t.co/NqPhDbPI2k,0
PSOE,1918970029405548965,2025-05-04 12:04:42,no,El PPâ€š que siempre vota en contra de mejorar la vida de la genteâ€š ha anunciado esta semana que votarÃ¡ en contra de los 14.000 Mâ‚¬ del plan de respuesta a la guerra arancelaria.    Demuestra una vez mÃ¡sâ€š que siempre llega tarde a la vida de los espaÃ±oles.    @estherpcamarero https://t.co/32b7kv9syq,0
PSOE,1918969787671069066,2025-05-04 12:03:44,no,El Sr. FeijÃ³o lo que ha hecho otra vez es callar. Si sus homÃ³logos del PP europeo se enteraran de lo que haceâ€š se pondrÃ­an las manos en la cabeza o le corregirÃ­an.    Demuestra cobardÃ­a frente a sus sociosâ€š frente a las vÃ­ctimas y ante sus responsabilidadesâ€š como jefe de la https://t.co/xCTATMMOYn,0
PSOE,1918969507315401075,2025-05-04 12:02:37,no,Si el Sr. FeijÃ³o tuviera un mÃ­nimo de Ã©ticaâ€š deberÃ­a exigirle la dimisiÃ³n inmediata al alcalde de Esteponaâ€š pero en el PP cuando se trata de defender a los propiosâ€š la Ã©tica se desvanece.     El PP cree que los ayuntamientos son un cortijo de su propiedad. Esaâ€š por desgracia para https://t.co/ZCY1ekWe3Y,0
PSOE,1918969227815301337,2025-05-04 12:01:31,no,EspaÃ±a ha vuelto a enfrentarse a una situaciÃ³n crÃ­tica y de nuevo la ciudadanÃ­a ha tenido un comportamiento ejemplar.     El PP y el Sr. FeijÃ³o deseaban caos y esperaban un gran fracaso y lo que han encontrado es responsabilidad y una sociedad que ha dado una lecciÃ³n. Un paÃ­s que https://t.co/SQI2FG3WyI,0
PSOE,1918950152334692652,2025-05-04 10:45:43,no,"LlevÃ¡bamos tiempo planteando que Europa tenÃ­a que avanzar en esa autonomÃ­a estratÃ©gicaâ€š en tener una voz propia en el mundo"".    Tras las actuaciones de Trump tenemos que conformar nuestra propia posiciÃ³n en el mundo defendiendo lo que son los valores europeos del Estado de https://t.co/GnK9YNp9ir""",0
PSOE,1918699227791647183,2025-05-03 18:08:38,no,El socialismo es un proyecto educativo en valoresâ€š en respeto a la convivencia y en su afÃ¡n por la igualdad.    ğŸ—£ï¸ JosÃ© Luis RodrÃ­guez Zapatero    ğŸ“¹ Programa completo Zona Roja en #PSOEPlay â€¼ï¸  https://t.co/tu9uCiBkwz https://t.co/yAQbNo1c20,0
PSOE,1918698762089689248,2025-05-03 18:06:47,no,Tenemos un Gobierno con una proyecciÃ³n internacional muy poderosaâ€š fiel a los grandes valores del socialismo democrÃ¡tico que son:    El europeÃ­smoâ€š la soluciÃ³n pacÃ­fica a los conflictosâ€š el multilateralismo y las relaciones de cooperaciÃ³n.    ğŸ—£ï¸ JosÃ© Luis RodrÃ­guez Zapatero    ğŸ“¹ https://t.co/9hlCiqGnhc,0
PSOE,1918697924793454623,2025-05-03 18:03:27,no,La igualdad es el valor de lo que representa el socialismo.    La gran lucha de las ideas socialistas y progresistas es contra las desigualdades y las discriminaciones.    ğŸ—£ï¸ JosÃ© Luis RodrÃ­guez Zapatero    ğŸ“¹ Programa completo Zona Roja en #PSOEPlay â€¼ï¸  https://t.co/tu9uCiBkwz https://t.co/drxD14Xdtq,0
PSOE,1918697409070104671,2025-05-03 18:01:24,no,Nuestro objetivo siempre serÃ¡ la defensa de las personas que no tienen de todoâ€š de los trabajadores y de la gente humilde.    No hay mejor homenaje a Pablo Iglesias que celebrar estos 146 aÃ±os del PSOE cuando mÃ¡s personas trabajanâ€š mÃ¡s mujeres y con mayor estabilidad.    ğŸ—£ï¸ JosÃ© Luis https://t.co/L27aoNxzdH,0
PSOE,1918673955105190050,2025-05-03 16:28:12,no,"ğŸ—£ï¸ @EnmaLopez: La oposiciÃ³n del PP se basa en seis palabras: la culpa es de Pedro SÃ¡nchez""    ""El Gobierno llegarÃ¡ hasta el fondo. Vamos a saber quÃ© es lo que ha pasado y vamos a resolver lo que tengamos que resolver para que esto no vuelva a pasar"".    â• Info.ğŸ‘‡ https://t.co/JBEufxTXKp""",0
PSOE,1918634717215170899,2025-05-03 13:52:17,no,La democracia estÃ¡ en peligroâ€š hemos visto como en crisis anteriores los derechos que creÃ­amos consolidadosâ€š se desvanecen.    Cuando la extrema derecha entraâ€š es para derribar los pilares de la democraciaâ€š desestructurando el Estado de Derecho e imponer esa ley de la selva. https://t.co/4Xo8R0B056,0
PSOE,1918631762097303921,2025-05-03 13:40:33,no,Ayer cumplimos 146 aÃ±os de historiaâ€š de responsabilidadâ€š de lucha por la defensa de los derechos de los mÃ¡s dÃ©biles y de los y las trabajadoras de este paÃ­s.    Y lo hace con el compromiso para que todos salgamos adelante a la vezâ€š planteando un futuro de esperanza para todos. https://t.co/4UMpqiUxLk,0
PSOE,1918627609530761544,2025-05-03 13:24:03,no,El PP quiere respuestas a lo sucedido con el apagÃ³nâ€š estamos de acuerdo y este Gobierno llegarÃ¡ hasta el fondo para que no vuelva a suceder.    Pero es curioso que los que piden transparencia todavÃ­a no han sabido explicar dÃ³nde estaba MazÃ³n el dÃ­a de la DANA que costÃ³ la vida a https://t.co/GrjrTfYnXZ,1
PSOE,1918627287680844025,2025-05-03 13:22:46,no,Toda la oposiciÃ³n del PP se basa en 6 palabras: La culpa es de Pedro SÃ¡nchezâ€š pero ya no engaÃ±an a nadie.    Menos mal que tenÃ­amos a un presidente socialista al frente de esta crisisâ€š donde la prensa internacional alaba nuestra gestiÃ³nâ€š un motivo de orgullo de paÃ­s.    @EnmaLopez https://t.co/0P35hNj2tL,0
PSOE,1918625825638723853,2025-05-03 13:16:57,no,Tras una pandemiaâ€š un volcÃ¡nâ€š una DANAâ€š hemos tenido un apagÃ³n.    Y es un orgullo cÃ³mo la sociedad espaÃ±olaâ€š ante la adversidadâ€š siempre se crece y cÃ³mo nuestros servicios pÃºblicos y nuestras FCSE siempre estÃ¡n a la altura. Eso es EspaÃ±a y no el catastrofismo de la derecha. https://t.co/EjaPnYrljw,1
PSOE,1918625164872282234,2025-05-03 13:14:20,no,Empezaron con insultos en redesâ€š luego salieron a las calles vandalizando nuestras sedes con manifestaciones ultras en Ferraz.    Â¡Basta ya de violencia contra los socialistas! Por ciertoâ€š seguimos esperando que el Sr. FeijÃ³o condene el atentado de Santander.    @EnmaLopez https://t.co/3ICJLFwidM,0
PSOE,1918617182344225018,2025-05-03 12:42:37,no,Querida Cucaâ€š vivir en la realidad paralela que querÃ©is para EspaÃ±a no deberÃ­a ser excusa para que al menos os informaseis bien.    Para eso estÃ¡n los medios y los periodistasâ€š y no los pseudomedios y los pseudoperiodistas a los que financiÃ¡is.    El mayor ataque a la prensa es regar https://t.co/O0c9rXYvjM,0
PSOE,1918595210835058714,2025-05-03 11:15:18,no,ğŸ“¢ No te pierdas la intervenciÃ³n de @EnmaLopez en el XVII Congreso Provincial del @PSOESoria.    â²ï¸ A partir de las 12.45h.    ğŸ“² SÃ­guelo a travÃ©s de #PSOEPlay.    #EspaÃ±aResponde https://t.co/FXUwmU34DG,0
PSOE,1918578021876765063,2025-05-03 10:07:00,no,"El Gobierno estuvo desde el primer momento actuando dentro de sus posibilidadesâ€š exigiendo informaciÃ³n y contribuyendo desde todas las instancias pÃºblicas a que hubiera una recuperaciÃ³n de todos los servicios pÃºblicos"".    ğŸ—ï¸ @CristinaNarbona para @El_Plural. https://t.co/yn8crHV6Ma""",0
PSOE,1918396480739832160,2025-05-02 22:05:37,no,ğŸ—“ï¸ Â¡Buenas noches! Os compartimos la agenda de la Ejecutiva del PSOE del sÃ¡bado 3 de mayo.    https://t.co/8oRUFtaj7V https://t.co/wYMY4IZx87,0
PSOE,1918368134412558785,2025-05-02 20:12:59,no,Todos aquellos que piensen que la confrontaciÃ³n entre territorios como con Catalunya aporta algo de rÃ©dito electoralâ€š se equivocan.    Queremos que Catalunya progrese porque vuestro progreso representa tambiÃ©n el crecimiento para todo el paÃ­s.    @mjmonteroc https://t.co/Nkwuu1Z887,0
PSOE,1918336914345562506,2025-05-02 18:08:56,no,El PP de FeijÃ³o abraza las tesis de Voxâ€š renegando el cambio climÃ¡tico y todos los avances en derechos.    En EspaÃ±a hay 2 formas de votar a la ultraderecha: votando al PP o votando a Voxâ€š ambos con ese modelo de recortes y ataques.    ğŸ—£ï¸ @santicl    ğŸ“¹ Programa completo Zona Roja en https://t.co/cPmR1UhErl,0
PSOE,1918336121253081591,2025-05-02 18:05:46,no,Estamos viendo otra vez cÃ³mo atacan a nuestras sedes. Un clima de crispaciÃ³n que el PP y la ultraderecha de nuestro paÃ­s estÃ¡n alimentando.    AllÃ­ donde haya una desigualdadâ€š siempre habrÃ¡ algÃºn socialista para defenderlo. Y donde veamos problemasâ€š siempre buscaremos soluciones. https://t.co/6V0dMPPTuh,0
PSOE,1918335110791020934,2025-05-02 18:01:46,no,Todos los avances sociales que se han conseguido en este paÃ­s van de la mano del Partido Socialista.    Mientras tantoâ€š el PP siempre votando en contra. No pueden firmar ningÃºn derecho o avance social para la clase trabajadora de nuestro paÃ­s.    ğŸ—£ï¸ @santicl    ğŸ“¹ Programa completo https://t.co/I2wy3nLANA,0
PSOE,1918311765361791235,2025-05-02 16:29:00,no,"ğŸ—£ï¸ @oscarlopeztwit: Este es un paÃ­s queâ€š una vez mÃ¡sâ€š ha dado ejemplo al mundo y la prensa internacional estÃ¡ repleta de elogios a cÃ³mo ha gestionado EspaÃ±a el apagÃ³n""    ""Los espaÃ±oles van a saber la verdad porque nuestro paÃ­s tiene un gobierno empeÃ±ado en conocerla yâ€š a partir https://t.co/SufQeal5rn""",0
PSOE,1918264078453358924,2025-05-02 13:19:30,no,Hubo gobiernos del PP en el pasado que cuando habÃ­a una crisis lo primero que hacÃ­an era alimentar bulos pero ahoraâ€š hay un gobierno que lo primero que hace es esclarecer la verdad.    Este es un paÃ­s que una vez mÃ¡s ha dado un ejemplo al mundo. La prensa internacional estÃ¡ repleta https://t.co/7rsvewRTIQ,0
PSOE,1918261672076075123,2025-05-02 13:09:56,no,Se le estÃ¡ viendo la patita a algunosâ€š hay quienes estÃ¡n aprovechando para deslegitimar las energÃ­as renovables en las que EspaÃ±a es lÃ­der mundial.    Lo que lamento es que un partido como el PPâ€š que un dÃ­a fue de Estadoâ€š se haya convertido en un lobby de las nucleares. https://t.co/kHetyRm65f,0
PSOE,1918258901583102165,2025-05-02 12:58:56,no,Hoy es un dÃ­a de fiesta y vamos a celebrar que es el dÃ­a de todos los madrileÃ±os y madrileÃ±as.    Muy por encima del sectarismo de Ayusoâ€š hoyâ€š el PSOE comparte con toda la sociedad una fiesta abierta y moderna como es Madridâ€š todo lo contrario a esa pequeÃ±ez a la que nos tiene https://t.co/pXXokD84GY,0
PSOE,1918236474719518983,2025-05-02 11:29:49,no,ğŸ“¢ No te pierdas la intervenciÃ³n de @oscarlopeztwit en un acto organizado por el @psoe_m con motivo del DÃ­a de la Comunidad de Madrid.    â²ï¸ A partir de las 12.45h.    ğŸ“² SÃ­guelo a travÃ©s de #PSOEPlay ğŸ“².    #EspaÃ±aResponde https://t.co/YWBiYRf0TE,0
PSOE,1918220505233985614,2025-05-02 10:26:21,no,âœŠğŸŒ¹ Hoy cumplimos 146 aÃ±os de historia y en Zona Roja vamos a celebrarloâ€¼ï¸    ğŸ—£ï¸ @santicl y Zapatero nos hablan de la fundaciÃ³n y la #LuchaObreraPSOE para defender los derechos de la clase trabajadoraâ€š la justicia social y la libertad.    ğŸ—£ï¸ @EnmaLopez nos cuenta por quÃ© todos los https://t.co/Xdvm5caKi8,0
PSOE,1918199185414717935,2025-05-02 09:01:38,no,Sigamos haciendo historia sin olvidar jamÃ¡s por quÃ© y para quien estamos aquÃ­.    âœŠğŸŒ¹ Por la clase obrera de este paÃ­s.    #LuchaObreraPSOE  #146AniversarioPSOE https://t.co/v5yfqSSQXt,0
PSOE,1917998715685552227,2025-05-01 19:45:03,no,Los socialistas denunciamos en su dÃ­a estoâ€š y tenÃ­amos razÃ³n.    https://t.co/0BfDhL0qPv https://t.co/oUG8WzCr5E,0
PSOE,1917991507514032161,2025-05-01 19:16:24,no,ğŸ—“ï¸ Â¡Buenas tardes! Os compartimos la agenda de la Ejecutiva del PSOE del viernes 2 de mayo.    https://t.co/f6f4liBZDY https://t.co/Pbmsat13Tl,0
PSOE,1917880655435751466,2025-05-01 11:55:55,no,Amigos del @ppopularâ€š dejad de usar la IA para todoâ€š porque al final acabÃ¡is poniendo Hawaii donde deberÃ­an estar las Canarias.     Con los impuestos de todos y todas se paga la educaciÃ³n pÃºblicaâ€š que sirve para saber como mÃ­nimo la geografÃ­a de nuestro paÃ­s. https://t.co/syEdTOtlPk,0
PSOE,1917851376119349733,2025-05-01 09:59:34,no,Somos el partido de las trabajadoras y los trabajadores.    De quienes luchan y han luchado por unas condiciones laborales dignas y justas.    ğŸŒ¹ 146 aÃ±os de lucha obrera. Somos el PSOE.     âœŠ Â¡Viva el 1Âº de mayo! âœŠ    #LuchaObreraPSOE https://t.co/kQnlRjTfQx,0
PSOE,1917837215859610035,2025-05-01 09:03:18,no,ğŸ“ Carta del secretario general del PSOE @sanchezcastejon a los afiliados y afiliadas con motivo del 1Âº de mayo.     https://t.co/nQWLxURLkv    #LuchaObreraPSOE https://t.co/uQbMV8djPI,0
PSOE,1917651332405547165,2025-04-30 20:44:40,no,En EspaÃ±a hemos llegado a alcanzar el 100% de electricidad de origen renovable.    â†’ Hoy tenemos el 84%.    EstÃ¡n intentando demonizar las renovablesâ€š pero la realidad es que son una gran apuesta estratÃ©gica:    1. El precio de la luz es significativamente mÃ¡s bajo que en otros https://t.co/tkqhrhI6u8,0
PSOE,1917645897195790610,2025-04-30 20:23:04,no,Los ciudadanos se merecen que el debate sobre las causas del apagÃ³n sea riguroso.    TodavÃ­a se tienen que analizar muchos datosâ€š cosa que no se hace en media hora. Por mucho que el PP crea que es asÃ­ de sencillo.    @CristinaNarbona https://t.co/TyFPbezx0N,1
PSOE,1917631719391519168,2025-04-30 19:26:44,no,Â¡Buenas tardes!     ğŸ“» No te pierdas la entrevista a @CristinaNarbonaâ€š presidenta del PSOEâ€š en @rne.     âŒšï¸ A partir de las 20:10h.    â–¶ SÃ­guela en directo aquÃ­: https://t.co/VFrRCXZKkF https://t.co/fasrMTs57m,0
PSOE,1917623155302031376,2025-04-30 18:52:42,no,ğŸ—“ï¸ Â¡Buenas tardes! Compartimos la agenda de la ComisiÃ³n Ejecutiva Federal para maÃ±anaâ€š jueves 1 de mayo.    https://t.co/rufG9EnjaK https://t.co/tlIM13sj3Z,0
PSOE,1917613546453479581,2025-04-30 18:14:31,no,El Gobierno destaca la rapidez de la vuelta de suministro y aprobarÃ¡ todas las medidas necesarias para que no vuelva a ocurrir un apagÃ³n.    â¡ï¸ El volumen de renovables el dÃ­a de la crisis elÃ©ctrica era similar al de cualquier otro dÃ­a.    https://t.co/DWHjW39a7E,1
PSOE,1917602182271996096,2025-04-30 17:29:22,no,MaÃ±ana es 1Âº de mayoâ€š #DÃ­aInternacionalDelTrabajo.    La conquista de las 40 horas semanales se alcanzÃ³ bajo el liderazgo de un gobierno socialista y uno de nuestros desafÃ­os es la reducciÃ³n de la jornada laboral a e 37â€š5 horas.    ğŸ“œ Lee nuestro manifiesto: https://t.co/fQ0SixyMdw https://t.co/iW6mZQNUPR,0
PSOE,1917582700871049296,2025-04-30 16:11:57,no,â­• Â¡Este viernes en Zona Roja tenemos un programa muy especial!    @santicl y Zapatero hablarÃ¡n con nosotros de la #LuchaObreraPSOE por nuestros 146 aÃ±os de historia.    â†’ No puedes perdÃ©rteloâ€š y lo sabes.    ğŸ“² AsÃ­ que descÃ¡rgate YA la aplicaciÃ³n de ZONA ROJAâ¤µï¸    Apple: https://t.co/0mEAPDNmcn,0
PSOE,1917572170135343485,2025-04-30 15:30:06,no,En Estados Unidos surgiÃ³ hace muchos aÃ±os el Tea Party. Gente muy de derechas y con poca vergÃ¼enza.    En EspaÃ±a tenemos al Carajillo Partyâ€š el PP de Madridâ€š donde los discursos y tuits te los escribe un 'cuÃ±ao' con la faria en la boca.    QuÃ© desgracia para Madridâ€š y para EspaÃ±a. https://t.co/u6JaxTHP46,0
PSOE,1917550425768710516,2025-04-30 14:03:42,no,Desde el Gobiernoâ€š nuestra obligaciÃ³n es que la informaciÃ³n que suministremos siempreâ€š con la mÃ¡xima trasparencia a la ciudadanÃ­aâ€š sea rigurosa y exhaustiva.    Sara Aagesen    #CMin https://t.co/XECzAZuXp0,0
PSOE,1917547176365858842,2025-04-30 13:50:47,no,Este Gobierno ha constituido una comisiÃ³n de anÃ¡lisis para conocerâ€š lo mÃ¡s pronto posibleâ€š lo sucedido.    AsÃ­ poder poner en marcha todas las medidas necesarias para que esta situaciÃ³n no se vuelva a producir.    @Pilar_Alegria     #CMin https://t.co/QDxgpj1glX,1
PSOE,1917527487384375599,2025-04-30 12:32:33,no,La gestiÃ³n de MazÃ³n ha sido una foto en una mesa camilla y exigir explicaciones al Gobierno de EspaÃ±a.    AquÃ­ llevamos 6 meses sin saber quÃ© hizo el president de la Generalitat el dÃ­a mÃ¡s dramÃ¡tico de la Comunitat Valenciana.    @pilarbernabe https://t.co/RQNFcHhhmW,0
PSOE,1917491693135216792,2025-04-30 10:10:19,no,"Anoche Carlos MazÃ³n estuvo localizable. Ponen fotos y todo. Puede que algÃºn dÃ­a sepamos quÃ© hizo en las horas de El Ventorro y dÃ³nde estuvo.     Las vÃ­ctimas merecen la verdad. La misma que tendrÃ¡ que contar FeijÃ³o sobre la informaciÃ³n en tiempo real"" que poseÃ­a de primera mano a""",0
PSOE,1917302891628331472,2025-04-29 21:40:05,no,ğŸ—“ï¸Â Â¡Buenas tardes! Os compartimos la agenda de la Ejecutiva del PSOE del miÃ©rcoles 30 de abril.     https://t.co/RUEVvX2A5v https://t.co/zVzEQAsKxu,0
PSOE,1917275923340022208,2025-04-29 19:52:56,no,El discurso de FeijÃ³o ante sus colegas europeos es la constataciÃ³n de su deslealtad a EspaÃ±a y de su menguante talla polÃ­tica.      FeijÃ³o no sabe lo que es el sentido de Estadoâ€š pero sÃ­ lo que hizo MazÃ³n en sus horas de apagÃ³n de sobremesa.     TendrÃ¡ que contarlo en comisiÃ³n de https://t.co/dyXKDHqCwr,1
PSOE,1917239707034959963,2025-04-29 17:29:01,no,No debemos entrar en especulaciones.    Pese a que Tellado esta semana quiera ser un experto en energÃ­aâ€š los sientoâ€š no lo es realmente.    Tengamos rigor y escuchemos a los que verdaderamente saben.    @EnmaLopez en @todoesmentiratv https://t.co/CSm9zoTRKv,0
PSOE,1917239648973181437,2025-04-29 17:28:47,no,Ayer se pudo demostrar el comportamiento ejemplar de los espaÃ±oles y espaÃ±olas.    La forma en que nos levantamos demuestra la grandeza de EspaÃ±a ante las adversidades.    Orgullo de paÃ­s.    @EnmaLopez en @todoesmentiratv https://t.co/I33jj680vk,0
PSOE,1917221487221604679,2025-04-29 16:16:37,no,No te pierdas en unos minutos la entrevista a @EnmaLopezâ€š secretaria de transformaciÃ³n Digital del PSOE.    âŒšï¸ A partir de las 16:30 h. en @todoesmentiratv.    â–¶ï¸ SÃ­guela en directo a travÃ©s de: https://t.co/kNXr1fYt0a    #EspaÃ±aResponde https://t.co/PLFdjlmMCh,0
PSOE,1917210665057730891,2025-04-29 15:33:37,no,El Gobierno llegarÃ¡ al fondo de la crisis de electricidad y asegura que EspaÃ±a camina con paso firme hacia la plena recuperaciÃ³n.    Comparecencia de @sanchezcastejon posterior al #CMin. â¤µï¸    https://t.co/RGsrgczXdE https://t.co/ZT20ipwKVo,1
PSOE,1917183127400697879,2025-04-29 13:44:11,no,EspaÃ±a ha demostrado tener una poblaciÃ³n admirable.    La respuesta de la ciudadanÃ­aâ€š una vez mÃ¡sâ€š ha estado a la altura en una situaciÃ³n crÃ­tica.    @sanchezcastejon https://t.co/dOhxLh7Yk1,1
PSOE,1917179201230176737,2025-04-29 13:28:35,no,No debemos dar pÃ¡bulo al ruidoâ€š los bulos y la desinformaciÃ³n.    El sistema elÃ©ctrico es algo de una enorme complejidad. Se necesita tiempo para analizar esos 5 segundos: los datos que se tienen son ingentes y estÃ¡n descentralizados.    ğŸ—£ï¸ La poblaciÃ³n y los medios conocerÃ¡n los https://t.co/ITRd1JRm2S,1
PSOE,1917176277183648198,2025-04-29 13:16:58,no,El Gobierno tiene las prioridades claras:    1. Consolidar el restablecimiento de nuestro sistema elÃ©ctrico al 100%.    2. Descubrir quÃ© ha pasado y adoptar en consecuencia las medidas necesarias para que esto no vuelva a pasar.    @sanchezcastejon https://t.co/KKdW8yHqnZ,1
PSOE,1917175932302897421,2025-04-29 13:15:36,no,EspaÃ±aâ€š afortunadamente y con todas las cautelasâ€š estÃ¡ superando lo peor de la crisis.    ğŸŒ¹ Caminamos con paso firme hacia la recuperaciÃ³n de la normalidad.    @sanchezcastejon https://t.co/4XkKE0pD9X,1
