uri,author,created,text
at://did:plc:zfx7buwh3bdf3nneuh5or3ns/app.bsky.feed.post/3lqa4d4i4ik2r,yolandadiaz.bsky.social,2025-05-28T11:34:58.627Z,180 personas abordo de un cayuco. 180 personas que huían en busca de un futuro mejor. No podemos normalizar que nuestros mares se conviertan en las mayores fosas comunes. Son personas.  Mi pésame a las familias de las fallecidas y mi apoyo a los equipos de rescate.
at://did:plc:zfx7buwh3bdf3nneuh5or3ns/app.bsky.feed.post/3lq7y2xmir22b,yolandadiaz.bsky.social,2025-05-28T10:18:50.125Z,Hacía mucho que el PP no me preguntaba en una sesión de control. Hoy respondo a sus mentiras por partida triple.
at://did:plc:zfx7buwh3bdf3nneuh5or3ns/app.bsky.feed.post/3lq7ov5lpvs2b,yolandadiaz.bsky.social,2025-05-28T07:34:31.379Z,"Hace un año conseguimos que nuestro país reconociese el Estado de Palestina.  Un año más tarde, y cientos de miles de personas asesinadas, el genocidio continúa. Hay que hacer más: el siguiente paso es romper todas las relaciones con el Estado genocida de Israel e implantar sanciones."
at://did:plc:zfx7buwh3bdf3nneuh5or3ns/app.bsky.feed.post/3lq62gq4d4k2p,yolandadiaz.bsky.social,2025-05-27T15:55:52.915Z,"El PP ha votado en contra de todas las políticas que han mejorado la vida de las personas trabajadoras andaluzas.  Moreno Bonilla, de nada sirven las medallas si remas a la contra."
at://did:plc:zfx7buwh3bdf3nneuh5or3ns/app.bsky.feed.post/3lq5df6xymk2j,yolandadiaz.bsky.social,2025-05-27T09:03:25.323Z,"Este viernes nos vemos a las 18:30 en Bizkaia Aretoa 🤍  La ciudadanía pide ganar tiempo para vivir mejor. Nosotras hemos hecho nuestra parte, ahora les toca a los partidos políticos decir si están del lado de los derechos de más de 12 millones de personas."
at://did:plc:zfx7buwh3bdf3nneuh5or3ns/app.bsky.feed.post/3lq3uw7z7ik2u,yolandadiaz.bsky.social,2025-05-26T19:11:50.978Z,España es una isla de esperanza.
at://did:plc:zfx7buwh3bdf3nneuh5or3ns/app.bsky.feed.post/3lq3st7tit22u,yolandadiaz.bsky.social,2025-05-26T18:34:22.631Z,"El 76% del empleo en España es trabajo en los servicios. Personas que cuidan, atienden, acompañan. Nada cambia si no cambian sus vidas.   Gracias a los sindicatos, hemos ganado derechos.Y con ellos, vamos a lograr la reducción de jornada.Porque el futuro será con más tiempo, más dignidad y más vida."
at://did:plc:zfx7buwh3bdf3nneuh5or3ns/app.bsky.feed.post/3lq3dprg2uc22,yolandadiaz.bsky.social,2025-05-26T14:04:00.730Z,"He conocido Bloc4Bcn, un proyecto que fomenta empresas cooperativas que se transforman en fundamentales en Barcelona.  Demuestran que es posible crear empresas solidarias, que miren por la justicia social y la igualdad. Son ejemplos del camino a seguir."
at://did:plc:zfx7buwh3bdf3nneuh5or3ns/app.bsky.feed.post/3lq33f3yaic22,yolandadiaz.bsky.social,2025-05-26T11:34:52.782Z,"Aprobamos una ayuda universal de 100€ para gafas y lentillas para menores de 16 años. Porque ver bien es un derecho tan universal como la sanidad.  Una ayuda para todo el mundo, sencilla y sin papeleos para quien lo necesite. Gracias @monicagarciag.bsky.social por ensanchar y fortalecer lo público."
at://did:plc:zfx7buwh3bdf3nneuh5or3ns/app.bsky.feed.post/3lpysea4z422a,yolandadiaz.bsky.social,2025-05-25T13:48:00.424Z,La ciudadanía lo tiene claro: ganar tiempo de vida es vivir mejor. Ahora es el momento de que los grupo políticos hagan su trabajo y representen la voluntad popular.  Gracias a vuestra movilización la reducción de jornada será una realidad.
at://did:plc:zfx7buwh3bdf3nneuh5or3ns/app.bsky.feed.post/3lpwq3qqj6k2s,yolandadiaz.bsky.social,2025-05-24T18:02:08.890Z,"Unha enorme aperta e todo o agarimo para Oliver Laxe polo seu novo éxito en Cannes. Con SIRAT o gran cineasta galego gaña o Premio do Xurado na Sección Oficial do maior festival do mundo.  Parabéns a unha película valente e fascinante, chea de magnetismo."
at://did:plc:zfx7buwh3bdf3nneuh5or3ns/app.bsky.feed.post/3lpu6a4hwp22m,yolandadiaz.bsky.social,2025-05-23T17:37:08.581Z,"Enhorabuena querida Mónica.  Tu papel al frente del Consejo Ejecutivo de la OMS va a ser clave para abordar estos tiempos de bulos, reaccionarios y masacres."
at://did:plc:zfx7buwh3bdf3nneuh5or3ns/app.bsky.feed.post/3lptkzfrews2i,yolandadiaz.bsky.social,2025-05-23T11:53:22.351Z,"Frente al catastrofismo interesado de algunos, cada vez más empresas de este país reducen las jornadas a sus trabajadores y trabajadoras.   Alimerka demuestra que son posibles las 37,5 horas. Es el momento de que lleguen al resto. www.nortes.me/2025/05/23/a..."
at://did:plc:zfx7buwh3bdf3nneuh5or3ns/app.bsky.feed.post/3lprwhzv55s2l,yolandadiaz.bsky.social,2025-05-22T20:13:04.880Z,Ha sido un honor recoger este premio en nombre del @trabajogob.bsky.social. Los graduados y graduadas sociales hacéis una labor fundamental para aplicar las normas que hacen avanzar en nuestro país.  ¡Felices 100 años de profesión!
at://did:plc:zfx7buwh3bdf3nneuh5or3ns/app.bsky.feed.post/3lprpbahq7k2a,yolandadiaz.bsky.social,2025-05-22T18:04:00.704Z,Hace un año se alcanzó un acuerdo histórico por la igualdad y la no discriminación de las personas LGTBI en el ámbito laboral. Urge su incorporación y desarrollo en la negociación colectiva.  Gracias a @felgtbi.bsky.social por vuestro trabajo. Los derechos se ganan ejerciéndolos.
at://did:plc:zfx7buwh3bdf3nneuh5or3ns/app.bsky.feed.post/3lpreqw6tx22a,yolandadiaz.bsky.social,2025-05-22T14:55:55.638Z,"La economía social, día a día, demuestra que una forma de hacer economía más justa, feminista, verde y sostenible es posible.  Hoy, en el encuentro del Círculo de Liderazgo de Cooperativas y Mutuas, he reafirmado mi compromiso con seguir impulsándola."
at://did:plc:zfx7buwh3bdf3nneuh5or3ns/app.bsky.feed.post/3lpqxyvsqis2h,yolandadiaz.bsky.social,2025-05-22T11:07:45.048Z,"Cuando Trump dicta órdenes contra las personas LGTBI no solo erosiona la democracia en EEUU, también aquí. Por eso tenemos que seguir cuidando y ampliando los derechos y libertades en nuestro país."
at://did:plc:zfx7buwh3bdf3nneuh5or3ns/app.bsky.feed.post/3lppevv4vls2o,yolandadiaz.bsky.social,2025-05-21T19:53:22.835Z,Sobre los controles de acceso en Barajas para impedir el paso a las personas sin hogar:
at://did:plc:zfx7buwh3bdf3nneuh5or3ns/app.bsky.feed.post/3lpp7ph7wzs2q,yolandadiaz.bsky.social,2025-05-21T18:20:18.209Z,El papel de los graduados y graduadas sociales es fundamental para que las políticas laborales se apliquen correctamente.  Me he reunido con sus representantes para poner en valor su trabajo y agradecer su disposición para afrontar los retos de la puesta en marcha de la reducción de jornada.
at://did:plc:zfx7buwh3bdf3nneuh5or3ns/app.bsky.feed.post/3lpp6pbgtz22p,yolandadiaz.bsky.social,2025-05-21T18:02:18.413Z,Israel está perpetrando un genocidio. Debemos hacer más para detener la masacre. Hay 14.000 bebés en riesgo de morir de hambre por las acciones de Netanyahu.  El mundo no puede permanecer en silencio.
at://did:plc:zfx7buwh3bdf3nneuh5or3ns/app.bsky.feed.post/3lposyyaxc22t,yolandadiaz.bsky.social,2025-05-21T14:32:59.424Z,"Hay personas que llevan años buscando una segunda oportunidad. Hoy les decimos: no estáis solos.  Aprobamos 2.571 millones para políticas activas de empleo que les miran de frente, con dignidad, hasta 2028."
at://did:plc:zfx7buwh3bdf3nneuh5or3ns/app.bsky.feed.post/3lpoldrhxrk2o,yolandadiaz.bsky.social,2025-05-21T12:15:51.478Z,Ya dispararon contra las ONGs que llevan ayuda humanitaria. Ahora contra diplomáticos. Es un paso más en la impunidad y en su intención de seguir silenciando el genocidio al pueblo palestino.  Europa tiene que romper sus relaciones comerciales con Israel.
at://did:plc:zfx7buwh3bdf3nneuh5or3ns/app.bsky.feed.post/3lpob5kfx6s2e,yolandadiaz.bsky.social,2025-05-21T09:13:25.328Z,Trabajar menos mejora la salud mental. Trabajar menos reduce las bajas laborales. El estrés empeora nuestra salud.  Vamos a reducir la jornada laboral para que podamos vivir mejor. cadenaser.com/nacional/202...
at://did:plc:zfx7buwh3bdf3nneuh5or3ns/app.bsky.feed.post/3lpo2w5qofs2t,yolandadiaz.bsky.social,2025-05-21T07:21:54.714Z,"Reducir la jornada laboral es construir sociedades más felices: más tardes al sol, poder tomar una caña; o menos agobio por no llegar al colegio a recoger a los niños.  Os recomiendo esta tribuna sobre la necesidad de trabajar menos para construir sociedades más humanas. elpais.com/opinion/2025..."
at://did:plc:zfx7buwh3bdf3nneuh5or3ns/app.bsky.feed.post/3lpmq24lzbc2p,yolandadiaz.bsky.social,2025-05-20T18:34:36.831Z,"La política sirve para esto: Para defender la vida y los derechos humanos.  Muy orgullosa de formar parte de Sumar por impulsar esta medida junto a la sociedad civil, del Parlamento por aprobarla y de formar parte de un gobierno que no va a dejar solo al pueblo palestino ante el genocidio."
at://did:plc:zfx7buwh3bdf3nneuh5or3ns/app.bsky.feed.post/3lpmmic2y5c2p,yolandadiaz.bsky.social,2025-05-20T17:30:57.346Z,El sindicalismo es una fábrica de derechos y esperanza. Es la mejor red de apoyo y el mejor impulso para los trabajadores y trabajadoras.  Siempre vamos a estar a su lado
at://did:plc:zfx7buwh3bdf3nneuh5or3ns/app.bsky.feed.post/3lpmllkd4sk2p,yolandadiaz.bsky.social,2025-05-20T17:14:52.939Z,Decían que los derechos laborales eran un obstáculo. Mentían. Es el mayor impulso para nuestras democracias.
at://did:plc:zfx7buwh3bdf3nneuh5or3ns/app.bsky.feed.post/3lpmcw4mu2s2u,yolandadiaz.bsky.social,2025-05-20T14:39:43.999Z,"Quiero desearle los mejores aciertos a Ángela de Miguel, nueva presidenta de CEPYME.  Espero que nos sigamos encontrando en el diálogo social, en la defensa de nuestras pequeñas y medianas empresas y en seguir mejorando los derechos laborales. ¡Toda la suerte! www.abc.es/economia/ang..."
at://did:plc:zfx7buwh3bdf3nneuh5or3ns/app.bsky.feed.post/3lplrcvarlk2q,yolandadiaz.bsky.social,2025-05-20T09:24:45.117Z,"La Ley de embargo total que @movimientosumar.es ha impulsado en el Congreso debe salir adelante por razones claras: Por humanidad, por decencia, por las vidas de decenas de miles de niños y niñas palestinos, por los derechos humanos y el derecho internacional."
at://did:plc:zfx7buwh3bdf3nneuh5or3ns/app.bsky.feed.post/3lpkcs4sfbk2y,yolandadiaz.bsky.social,2025-05-19T19:32:10.487Z,Las personas gitanas son parte fundamental del proyecto europeo. Representan la diversidad y la pluralidad que de ninguna manera podemos rechazar.
at://did:plc:zfx7buwh3bdf3nneuh5or3ns/app.bsky.feed.post/3lpjkm4m2j22j,yolandadiaz.bsky.social,2025-05-19T12:19:19.139Z,Nuestro país no puede entenderse sin la cultura. Esto es gracias a los miles de trabajadores y trabajadoras. Vamos a seguir avanzando en el Estatuto del Artista para que todos sus derechos estén garantizados.  Hoy hemos conocido el informe de COTEC sobre el impacto positivo de la cultura en España.
at://did:plc:zfx7buwh3bdf3nneuh5or3ns/app.bsky.feed.post/3lpiynjq4ck2p,yolandadiaz.bsky.social,2025-05-19T06:57:59.113Z,Ninguna empresa puede estar por encima de la ley. Los pisos turísticos ilegales vacían nuestros barrios y limitan el derecho a la vivienda.  Gracias @pbustinduy.bsky.social  por no dejar que los de siempre se enriquezcan a costa de la mayoría.
at://did:plc:zfx7buwh3bdf3nneuh5or3ns/app.bsky.feed.post/3lpfapnwnyc2h,yolandadiaz.bsky.social,2025-05-17T19:11:41.600Z,
at://did:plc:zfx7buwh3bdf3nneuh5or3ns/app.bsky.feed.post/3lpewte4euk2t,yolandadiaz.bsky.social,2025-05-17T16:14:48.114Z,"Miles de personas asesinadas por el gobierno genocida de Israel. RTVE tiene el deber de informar sobre la realidad, y eso es lo que ha hecho. Si tanto se avergüenzan, que paren el genocidio. Silenciar no es la solución."
at://did:plc:zfx7buwh3bdf3nneuh5or3ns/app.bsky.feed.post/3lpefzgjbac2t,yolandadiaz.bsky.social,2025-05-17T11:13:58.338Z,El próximo domingo nos vemos en Sevilla. Estaré junto a @mailloantonio.bsky.social defendiendo el derecho al tiempo. Queremos un país donde la gente recupere tiempo para la vida.  Nos vemos el 25 de mayo 🩷
at://did:plc:zfx7buwh3bdf3nneuh5or3ns/app.bsky.feed.post/3lpee3qjwqk2t,yolandadiaz.bsky.social,2025-05-17T10:39:28.470Z,"La internacional reaccionaria tiene un objetivo claro: borrar derechos y negar la existencia a personas LGTBI.  Frente a su odio, nuestros derechos. Frente a su retroceso, nuestra esperanza."
at://did:plc:zfx7buwh3bdf3nneuh5or3ns/app.bsky.feed.post/3lpe5ggrzcs2b,yolandadiaz.bsky.social,2025-05-17T08:40:11.156Z,"O Día das Letras Galegas de 2025 é unha fermosa homenaxe ao canto e a lírica popular. Este ano adícase ás mulleres cantareiras, recoñécese a quen mantivo a tradición desde as lareiras da cociña e o traballo no campo.  A poesía oral crece pola revolución das invisibles. Por máis cantareiras! 🩵"
at://did:plc:zfx7buwh3bdf3nneuh5or3ns/app.bsky.feed.post/3lpcufwy3nk2z,yolandadiaz.bsky.social,2025-05-16T20:26:11.170Z,Un abrazo enorme a la familia y amigos de Jaime Miquel. Una pérdida enorme para nuestro país. Supo ver lo que nadie sabía ver y puso su conocimiento al servicio de la mejora de nuestro país. Te vamos a echar mucho de menos.  www.infolibre.es/opinion/colu...
at://did:plc:zfx7buwh3bdf3nneuh5or3ns/app.bsky.feed.post/3lpcccnsp422n,yolandadiaz.bsky.social,2025-05-16T15:02:13.544Z,Se están cruzando todos los límites. Los pseudomedios llevan años desarrollando estas formas de acoso.  La derecha y ultraderecha señalan y ellos responden. Todo mi solidaridad con Santos Cerdán y su familia.   No vamos a permitir que avancen.
at://did:plc:zfx7buwh3bdf3nneuh5or3ns/app.bsky.feed.post/3lpbwcodmyc2v,yolandadiaz.bsky.social,2025-05-16T11:27:29.185Z,Ya está publicado el Proyecto de Ley para la reducción de la jornada laboral en el BOCG.  Hemos cumplido con nuestra parte del trabajo. Ahora le toca a los partidos políticos decidir si están con las más de 12 millones de personas trabajadoras. Su voto es decisivo para hacer efectivo este derecho.
at://did:plc:zfx7buwh3bdf3nneuh5or3ns/app.bsky.feed.post/3lp7llh2wmc2n,yolandadiaz.bsky.social,2025-05-15T13:10:12.919Z,"La salud es un derecho y para garantizarlo es necesario asegurar una buena alimentación.  Cada paso que dan @msocialgob.bsky.social y @sanidad.gob.es en esta dirección, es una conquista para el bienestar de nuestro país."
at://did:plc:zfx7buwh3bdf3nneuh5or3ns/app.bsky.feed.post/3lp7i6ehxgc24,yolandadiaz.bsky.social,2025-05-15T12:09:12.761Z,"Feliz día a todos los madrileños y madrileñas, las que nacieron aquí y las que construyen Madrid cada día desde que llegaron.   El patrón de Madrid también defiende el derecho al descanso y nos recuerda que trabajar menos es vivir mejor. ¡Feliz San Isidro!"
at://did:plc:zfx7buwh3bdf3nneuh5or3ns/app.bsky.feed.post/3lp54n2rc5s2o,yolandadiaz.bsky.social,2025-05-14T13:37:21.531Z,Sigo con preocupación las noticias que llegan desde Alcalá de Guadaira.  Estaremos atentas a las investigaciones. Instamos a la prudencia y a seguir las recomendaciones de los cuerpos y fuerzas de seguridad.
at://did:plc:zfx7buwh3bdf3nneuh5or3ns/app.bsky.feed.post/3lp54bw2cuc2o,yolandadiaz.bsky.social,2025-05-14T13:31:07.470Z,Hoy es un día histórico: saldamos una deuda con las trabajadoras del hogar avanzando en la seguridad en el trabajo.  Presentamos la herramienta Prevencion10 para que los empleadores adapten las medidas preventivas necesarias. Gracias a todas las trabajadoras por su constancia.  📲 www.prevencion10.es
at://did:plc:zfx7buwh3bdf3nneuh5or3ns/app.bsky.feed.post/3lp4qknvyrs2m,yolandadiaz.bsky.social,2025-05-14T10:01:16.028Z,La fuerza de los y las jóvenes palestinas es un soplo de esperanza. Ha sido un placer conocer a dos estudiantes representantes del Parlamento Estudiantil de la @unrwa.org.  La justicia internacional tiene que mirar a los ojos a los palestinos y palestinas y poner fin a este genocidio.
at://did:plc:zfx7buwh3bdf3nneuh5or3ns/app.bsky.feed.post/3lp3adzggfs2r,yolandadiaz.bsky.social,2025-05-13T19:38:33.616Z,"Mujica es un ejemplo de fuerza y esperanza. Tus palabras nos acompañarán siempre.  Vamos a echar de menos tu aliento, compañero. Seguiremos tu legado."
at://did:plc:zfx7buwh3bdf3nneuh5or3ns/app.bsky.feed.post/3lp2qxk5s7s2a,yolandadiaz.bsky.social,2025-05-13T15:03:08.836Z,Feijóo miente a su país. La productividad en España no ha dejado de subir. Es el representante de una derecha incapaz de decir la verdad.
at://did:plc:zfx7buwh3bdf3nneuh5or3ns/app.bsky.feed.post/3lp2jmzyni22a,yolandadiaz.bsky.social,2025-05-13T12:52:00.138Z,Roxana Mînzatu agradece el impulso de España a favor de los derechos en el seno de la Unión Europea.  En la reunión que hemos tenido hoy hemos acordado seguir avanzando en derechos sociales en un contexto reaccionario cada vez más complejo. No nos rendimos. Seguiremos.
at://did:plc:zfx7buwh3bdf3nneuh5or3ns/app.bsky.feed.post/3lp2hm6rh7c2b,yolandadiaz.bsky.social,2025-05-13T12:15:44.119Z,"Hemos autorizado en el Gobierno destinar 2.571 M€ en Políticas Activas de Empleo en 2025.  Por primera vez priorizamos fondos para la formación en algoritmos, inteligencia artificial y prevención ante catástrofes. Seguimos mejorando el mercado laboral de nuestro país."
at://did:plc:zfx7buwh3bdf3nneuh5or3ns/app.bsky.feed.post/3lp2e4eef6223,yolandadiaz.bsky.social,2025-05-13T11:13:11.887Z,"En un momento de guerras y de incertidumbre, la economía social es clave.  No hay economía más resiliente, solidaria, verde y feminista que esta."
at://did:plc:zfx7buwh3bdf3nneuh5or3ns/app.bsky.feed.post/3loyx4ujny22s,yolandadiaz.bsky.social,2025-05-12T21:48:10.444Z,Las artes escénicas de nuestro país representan la diversidad y la riqueza de nuestra cultura.  Es una maravilla celebrar junto al sector en los Premios Talía. Seguiremos trabajando para avanzar en derechos para los trabajadores y trabajadoras de la cultura.
at://did:plc:zfx7buwh3bdf3nneuh5or3ns/app.bsky.feed.post/3loylje6xok2s,yolandadiaz.bsky.social,2025-05-12T18:20:24.632Z,"Mónica, una forta abraçada, no podran parar el nostre desig de transformar la societat i millorar la vida de qui més ho necessita.   Sempre amb tu."
at://did:plc:zfx7buwh3bdf3nneuh5or3ns/app.bsky.feed.post/3loxsi2rsyk24,yolandadiaz.bsky.social,2025-05-12T10:52:17.666Z,"Las empresas tienen que ser responsables con los derechos de las personas trabajadoras. Si contratan de forma contraria a la ley, la Inspección de Trabajo actúa.  La reforma laboral ha conseguido reducir a mínimos históricos los contratos temporales. Las empresas no pueden saltarse la norma."
at://did:plc:zfx7buwh3bdf3nneuh5or3ns/app.bsky.feed.post/3lot5rulvhc2j,yolandadiaz.bsky.social,2025-05-10T14:31:19.188Z,"No nos vamos a levantar de la mesa hasta que el Congreso apruebe lo que la gente pide en la calle: ganar tiempo para la vida, reducir la jornada laboral."
at://did:plc:zfx7buwh3bdf3nneuh5or3ns/app.bsky.feed.post/3losjalryrk2n,yolandadiaz.bsky.social,2025-05-10T08:23:44.688Z,"¿Por qué es necesario establecer por ley la reducción de jornada a 37,5 horas?  @manuel-lago-penas.bsky.social lo explica perfectamente aquí 👇  www.eldiario.es/opinion/trib..."
at://did:plc:zfx7buwh3bdf3nneuh5or3ns/app.bsky.feed.post/3loqgqeo5322o,yolandadiaz.bsky.social,2025-05-09T12:33:33.395Z,Tras la reducción de la jornada laboral vienen otros muchos avances en derechos.  Os cuento cuáles son los próximos horizontes de esperanza para la gente trabajadora de nuestro país.
at://did:plc:zfx7buwh3bdf3nneuh5or3ns/app.bsky.feed.post/3lopyj5ihz22n,yolandadiaz.bsky.social,2025-05-09T08:18:58.600Z,"Queremos una Europa de derechos, donde las personas trabajadoras vivan mejor y la libertad esté asegurada.  Frente a la internacional del odio que quiere volver a tiempos pasados, nuestra esperanza para construir un futuro verde, feminista y de defensa de los derechos humanos. Feliz día de Europa 🇪🇺"
at://did:plc:zfx7buwh3bdf3nneuh5or3ns/app.bsky.feed.post/3loomfigvuc22,yolandadiaz.bsky.social,2025-05-08T19:09:31.202Z,Nós seguimos dicindo alto e claro: ALTRI NON.  É incomprensible que a Xunta defenda proxectos que perxudican a nosa vida e son rexeitados por todo o noso país.
at://did:plc:zfx7buwh3bdf3nneuh5or3ns/app.bsky.feed.post/3lonztf5fis2u,yolandadiaz.bsky.social,2025-05-08T13:37:16.436Z,"Las empresas de inserción representan lo mejor de nuestro país. Hoy me he reunido con estas organizaciones y con sus trabajadores y trabajadoras.   El mensaje es claro: mejoraremos su regulación, les defenderemos en la UE y reforzaremos el cumplimiento de la contratación pública."
at://did:plc:zfx7buwh3bdf3nneuh5or3ns/app.bsky.feed.post/3lonsx5rxec2h,yolandadiaz.bsky.social,2025-05-08T11:34:06.748Z,La solución del PP a los aranceles de Trump es más energía nuclear y menos impuestos.  Nuestro diputado Manuel Lago les deja las cosas claras.
at://did:plc:zfx7buwh3bdf3nneuh5or3ns/app.bsky.feed.post/3lonnscppic2u,yolandadiaz.bsky.social,2025-05-08T10:01:55.429Z,Este sábado respondemos dudas y preguntas sobre la reducción de la jornada laboral.  📲Puedes dejarnos la tuya aquí: sumar.ink/dialogo10m  🔴Podéis seguirlo en este enlace a partir de las 11h youtube.com/live/uU9I2Ac...
at://did:plc:zfx7buwh3bdf3nneuh5or3ns/app.bsky.feed.post/3lonjijamns2u,yolandadiaz.bsky.social,2025-05-08T08:44:51.765Z,Se acabó el abuso de las horas extras sin pagar.  La Inspección podrá tener acceso inmediato al registro al ser digital e interoperable.
at://did:plc:zfx7buwh3bdf3nneuh5or3ns/app.bsky.feed.post/3lom54cmnv22j,yolandadiaz.bsky.social,2025-05-07T19:30:37.532Z,Los neoliberales piden a las personas trabajadoras italianas que no vayan a votar por sus derechos laborales.  Lo hacen porque saben lo que vale un voto y lo que vale la esperanza. Os quieren tristes. No les deis ese placer
at://did:plc:zfx7buwh3bdf3nneuh5or3ns/app.bsky.feed.post/3lom37jmq5k2j,yolandadiaz.bsky.social,2025-05-07T18:56:38.042Z,En Italia están en juego los derechos de las personas trabajadoras. Me he reunido con Maurizio Landini para mostrarle mi apoyo en estos momentos decisivos.  La internacional reaccionaria pone en juego la Europa de derechos. Los frenaremos con avances y construyendo la internacional de la esperanza.
at://did:plc:zfx7buwh3bdf3nneuh5or3ns/app.bsky.feed.post/3lol5g4mgks23,yolandadiaz.bsky.social,2025-05-07T10:03:27.034Z,La luz es un derecho. El suministro no puede estar en manos privadas que sigan los intereses de unos pocos.  Red Eléctrica debe ser pública cuanto antes.
at://did:plc:zfx7buwh3bdf3nneuh5or3ns/app.bsky.feed.post/3lojnxuty5k2h,yolandadiaz.bsky.social,2025-05-06T19:54:23.262Z,"Emociona haber tenido el placer de compartir espacio, tiempo y país con un ser humano de la magnitud de Almudena Grandes.  Este documental de Azucena Rodríguez rinde homenaje a la mujer que sigue llenándonos de esperanza y alegría. Porque la alegría, como decía ella, es una forma de resistencia."
at://did:plc:zfx7buwh3bdf3nneuh5or3ns/app.bsky.feed.post/3loiyktvhj22j,yolandadiaz.bsky.social,2025-05-06T13:31:17.475Z,Ahora los partidos tienen que demostrar qué prefieren: golpear al gobierno o mejorar la vida de más de 12 millones de personas trabajadoras.
at://did:plc:zfx7buwh3bdf3nneuh5or3ns/app.bsky.feed.post/3loilpdkgqk22,yolandadiaz.bsky.social,2025-05-06T09:41:09.474Z,Los grandes datos de empleo demuestran que se equivocaron los que decían que la reforma laboral era mala para el país.  Se equivocarán los que hoy dicen lo mismo de la reducción de jornada.
at://did:plc:zfx7buwh3bdf3nneuh5or3ns/app.bsky.feed.post/3loicktual225,yolandadiaz.bsky.social,2025-05-06T06:57:32.492Z,"A pesar de los buenos datos, no nos rendimos. Sabemos que queda mucho por hacer. Mientras haya una persona en paro, vamos a seguir mejorando la vida de las trabajadoras.  Seguiremos demostrando que mejorar empleo, el crecimiento económico y los derechos van de la mano."
at://did:plc:zfx7buwh3bdf3nneuh5or3ns/app.bsky.feed.post/3loicktu6mk25,yolandadiaz.bsky.social,2025-05-06T06:57:32.491Z,"Demostramos que cuando se gobierna con voluntad, las cosas cambian. Hoy celebramos los buenos datos de empleo. Nunca antes había tanta gente trabajando en nuestro país: 21.588.639 personas.  Pero hoy también seguimos avanzando: sale del Consejo de Ministros la ley para reducir la jornada laboral."
at://did:plc:zfx7buwh3bdf3nneuh5or3ns/app.bsky.feed.post/3loickt7tas25,yolandadiaz.bsky.social,2025-05-06T06:57:32.490Z,"Otro de los horizontes fue acabar con la temporalidad. Nos dijeron que era imposible, que era una característica endémica de nuestro mercado. Se equivocaron.  Un mes más los datos demuestran la gran transformación: el 44,5% de los nuevos contratos son indefinidos."
at://did:plc:zfx7buwh3bdf3nneuh5or3ns/app.bsky.feed.post/3loicksebg225,yolandadiaz.bsky.social,2025-05-06T06:57:32.489Z,Desde que llegamos a @trabajogob.bsky.social tuvimos como objetivo conseguir que las mujeres y jóvenes dejasen de estar condenados a la precariedad.  Hoy podemos celebrar: ➡️El mayor descenso de paro juvenil desde 2001 ➡️El nivel más bajo de paro femenino desde 2008
at://did:plc:zfx7buwh3bdf3nneuh5or3ns/app.bsky.feed.post/3loickreays25,yolandadiaz.bsky.social,2025-05-06T06:57:32.488Z,"Volvemos a batir récord de reducción de desempleo. En el mes de abril ha descendido en 67.420 personas, la cifra más baja desde 2008.  En el último año el paro se ha reducido en 153.782 personas, un descenso interanual del 5.8%.  Os cuento más👇"
at://did:plc:zfx7buwh3bdf3nneuh5or3ns/app.bsky.feed.post/3logfogbqsc2u,yolandadiaz.bsky.social,2025-05-05T12:47:56.846Z,Bridgestone tiene importantes beneficios anuales. Sin embargo ha decidido hacer un ERE. Remarco mi apoyo a las personas trabajadoras que están tratando de mantener sus empleos.  Hemos cambiado las reglas del trabajo en nuestro país para que haya alternativas al despido. Tienen que cumplir la ley.
at://did:plc:zfx7buwh3bdf3nneuh5or3ns/app.bsky.feed.post/3logehklb222u,yolandadiaz.bsky.social,2025-05-05T12:26:12.717Z,Me he reunido con responsables del Consejo General de Colegios de Educadoras y Educadores Sociales.  Los servicios públicos no pueden estar en manos de empresas privadas que no garanticen condiciones laborales dignas ni la integridad física y mental de las personas trabajadoras.
at://did:plc:zfx7buwh3bdf3nneuh5or3ns/app.bsky.feed.post/3lo6g5atk2k2p,yolandadiaz.bsky.social,2025-05-02T08:34:56.550Z,Avanzar en el control público de la Red Eléctrica sirve para garantizar el derecho a la energía.  Merece la pena leer este artículo. cincodias.elpais.com/companias/20...
at://did:plc:zfx7buwh3bdf3nneuh5or3ns/app.bsky.feed.post/3lo4eeso3ak27,yolandadiaz.bsky.social,2025-05-01T12:58:03.154Z,¡Viva el Primero de Mayo! ¡Viva la lucha de las personas trabajadoras!   Este va a ser el último año en el que la jornada sea de 40 horas. Vamos a reducir la jornada laboral.
at://did:plc:zfx7buwh3bdf3nneuh5or3ns/app.bsky.feed.post/3lo3t5xc6js27,yolandadiaz.bsky.social,2025-05-01T07:49:59.531Z,"La posible fusión del BBVA y Sabadell es una mala noticia: refuerza el oligopolio y elimina competencia encareciendo y haciendo más difícil el acceso a crédito a familias y pequeñas empresas. Además, el riesgo de despidos es muy elevado.   El Gobierno tiene herramientas para frenar esta operación."
at://did:plc:zfx7buwh3bdf3nneuh5or3ns/app.bsky.feed.post/3lo3ootlank27,yolandadiaz.bsky.social,2025-05-01T06:29:57.349Z,Feliz Primero de Mayo a todas las personas trabajadoras. Hoy salimos a las calles con la consigna de nuestros abuelos y abuelas: Ganarle tiempo a la vida.   Vamos a reducir la jornada laboral y a seguir subiendo los salarios.
at://did:plc:zfx7buwh3bdf3nneuh5or3ns/app.bsky.feed.post/3lo22zoaxjk2c,yolandadiaz.bsky.social,2025-04-30T15:05:26.287Z,El trabajo decente siempre está en el centro de nuestras políticas. La reforma laboral ha conseguido acabar con gran parte de la precariedad de nuestro país.
at://did:plc:zfx7buwh3bdf3nneuh5or3ns/app.bsky.feed.post/3lnzukpdr7s2l,yolandadiaz.bsky.social,2025-04-30T13:09:41.666Z,Dale tiempo a la vida🌸  Este 1º de mayo salimos a la calle sabiendo que cada vez está más cerca la reducción de la jornada laboral.
at://did:plc:zfx7buwh3bdf3nneuh5or3ns/app.bsky.feed.post/3lnzte7pazk2l,yolandadiaz.bsky.social,2025-04-30T12:48:10.195Z,La reforma laboral consiguió transformar la realidad del trabajo en nuestro país. Nos dijeron que acabaríamos con el mercado laboral. Se equivocaron. Hemos conseguido reducir la precariedad y acabar con la temporalidad.  Creamos una Comisión de Evaluación para seguir analizando su impacto y avanzar.
at://did:plc:zfx7buwh3bdf3nneuh5or3ns/app.bsky.feed.post/3lnz7g5hduk22,yolandadiaz.bsky.social,2025-04-30T06:51:20.101Z,"Hasta hoy, a las personas que tenían una incapacidad permanente se las despedía de forma automática. Era una vulneración flagrante de sus derechos. Hoy se recoge en el BOE esta modificación.  Los colectivos llevaban mucho tiempo señalando esta deuda. Hoy la saldamos. Hoy somos un país mejor."
at://did:plc:zfx7buwh3bdf3nneuh5or3ns/app.bsky.feed.post/3lnxgup6ed224,yolandadiaz.bsky.social,2025-04-29T13:59:25.172Z,"Consternada pola triste nova do falecemento de tres persoas nunha vivenda de Ourense. Todo o meu agarimo a amizades, familiares e compañeiros."
at://did:plc:zfx7buwh3bdf3nneuh5or3ns/app.bsky.feed.post/3lnx7mvq5gk2p,yolandadiaz.bsky.social,2025-04-29T11:49:45.631Z,Llevamos tiempo trasladando al debate europeo la necesidad de proteger los derechos psicosociales de las personas trabajadoras.  La precariedad tiene grave consecuencias sobre la salud mental y continuaremos avanzando hacia una mejor protección de los trabajadores y trabajadoras.
at://did:plc:zfx7buwh3bdf3nneuh5or3ns/app.bsky.feed.post/3lnx7mvq4hc2p,yolandadiaz.bsky.social,2025-04-29T11:49:45.630Z,La crisis climática nos plantea nuevos retos de seguridad en el trabajo.  España cuenta con una legislación de vanguardia en materia climática que obliga a las empresas a la protección frente a fenómenos metereológicos adversos. Está reconocido el derecho a un permiso de hasta cuatro días.
at://did:plc:zfx7buwh3bdf3nneuh5or3ns/app.bsky.feed.post/3lnx7mvq3i22p,yolandadiaz.bsky.social,2025-04-29T11:49:45.629Z,Uno de los puntos importantes de la declaración es que por primera vez se garantizan los derechos de las empleadas del hogar en prevención de los accidentes laborales.  La seguridad y la salud es una cuestión de género y era necesario un compromiso del Gobierno en la materia.
at://did:plc:zfx7buwh3bdf3nneuh5or3ns/app.bsky.feed.post/3lnx7mtzldk2p,yolandadiaz.bsky.social,2025-04-29T11:49:45.628Z,Hoy en el Gobierno hemos aprobado una declaración institucional con motivo del Día Mundial de la seguridad y salud en el trabajo.  En 2024 murieron 796 personas en el trabajo. Es inadmisible y tenemos que poner solución. No hay trabajo decente sin seguridad.
at://did:plc:zfx7buwh3bdf3nneuh5or3ns/app.bsky.feed.post/3lnwt7id4gk26,yolandadiaz.bsky.social,2025-04-29T08:07:32.246Z,"Una vez más hemos demostrado que la ciudadanía está a la altura. La solidaridad, el cariño y el estar a la altura de las circunstancias ha sido clave.  Quiero recordar que si no puedes acceder o desempeñar tu labor correctamente, tienes derecho a un permiso retribuido.  Orgullo de país."
at://did:plc:zfx7buwh3bdf3nneuh5or3ns/app.bsky.feed.post/3lnwt7icxkc26,yolandadiaz.bsky.social,2025-04-29T08:07:32.245Z,"España va recuperando la normalidad. Agradezco a todas las personas trabajadoras que han estado sin descanso para que hoy amanezcamos con luz.  El 99% del suministro eléctrico está restablecido, el servicio ferroviario avanza hacia la normalidad y muchos centros de trabajo ya están recuperándose."
at://did:plc:zfx7buwh3bdf3nneuh5or3ns/app.bsky.feed.post/3lnvnzd3p3k24,yolandadiaz.bsky.social,2025-04-28T21:01:55.163Z,"Frente a las dificultades para trabajar por el contexto actual, ningún trabajador o trabajadora quedará desprotegido. El Gobierno garantizará sus derechos y retribuciones."
at://did:plc:zfx7buwh3bdf3nneuh5or3ns/app.bsky.feed.post/3lnvnzd3n5224,yolandadiaz.bsky.social,2025-04-28T21:01:55.162Z,Tu salario y tus derechos laborales no se verán afectados si no puedes acceder a tu puesto o trabajar por causas externas. Lo garantiza el Estatuto de los Trabajadores. El Gobierno está contigo.
at://did:plc:zfx7buwh3bdf3nneuh5or3ns/app.bsky.feed.post/3lnvnzd3l6k24,yolandadiaz.bsky.social,2025-04-28T21:01:55.161Z,"Si no puedes ir al trabajo por problemas de transporte o por recomendaciones oficiales, tus derechos están protegidos. También si no puedes trabajar por cortes de suministro o problemas de conectividad."
at://did:plc:zfx7buwh3bdf3nneuh5or3ns/app.bsky.feed.post/3lnvnzbebnk24,yolandadiaz.bsky.social,2025-04-28T21:01:55.160Z,El Gobierno quiere trasladar un mensaje de tranquilidad a los trabajadores y trabajadoras.  Sus derechos laborales están protegidos ante cualquier dificultad para acudir o desempeñar su trabajo por causas ajenas a su voluntad.
at://did:plc:zfx7buwh3bdf3nneuh5or3ns/app.bsky.feed.post/3lnucotww5k2m,yolandadiaz.bsky.social,2025-04-28T08:06:34.663Z,Sigo con atención las graves noticias que llegan desde una planta de reciclaje de baterías en Girona. La Inspección ya está analizando lo ocurrido.  Nadie debe perder la vida en el trabajo. Mando mi cariño a familiares y compañeros de la persona fallecida y la pronta recuperación de los heridos.
at://did:plc:zfx7buwh3bdf3nneuh5or3ns/app.bsky.feed.post/3lnu7ovhr4c2m,yolandadiaz.bsky.social,2025-04-28T07:12:55.026Z,"En el siglo XXI nadie debe morir trabajando. Por eso estamos avanzando, junto a los agentes sociales, en una reforma de la Ley de Prevención de Riesgos Laborales.  Hoy, Día mundial de la Salud en el trabajo, recordamos que la seguridad laboral es la base de la dignidad de un país."
